smiles,logP,qed,SAS
CC(C)(C)c1ccc2occ(CC(=O)Nc3ccccc3F)c2c1,5.0506,0.702012232801,2.0840945720726807
C[C@@H]1CC(Nc2cncc(-c3nncn3C)c2)C[C@@H](C)C1,3.1137,0.928975488089,3.4320038192747795
N#Cc1ccc(-c2ccc(O[C@@H](C(=O)N3CCCC3)c3ccccc3)cc2)cc1,4.96778,0.599681738168,2.4706326078252
CCOC(=O)[C@@H]1CCCN(C(=O)c2nc(-c3ccc(C)cc3)n3c2CCCCC3)C1,4.00022,0.690944353014,2.8227533111709646
N#CC1=C(SCC(=O)Nc2cccc(Cl)c2)N=C([O-])[C@H](C#N)C12CCCCC2,3.60956,0.7890271545540001,4.035182138302743
CC[NH+](CC)[C@](C)(CC)[C@H](O)c1cscc1Br,2.6374,0.824368801371,5.091437549913934
COc1ccc(C(=O)N(C)[C@@H](C)C/C(N)=N/O)cc1O,0.9978,0.327296942917,2.8523163989668188
O=C(Nc1nc[nH]n1)c1cccnc1Nc1cccc(F)c1,2.3347,0.6876120611859999,2.627857491802141
Cc1c(/C=N/c2cc(Br)ccn2)c(O)n2c(nc3ccccc32)c1C#N,4.2813,0.483078613889,3.073935310669482
C[C@@H]1CN(C(=O)c2cc(Br)cn2C)CC[C@H]1[NH3+],0.8801,0.8350242768889999,3.947933469646377
CCOc1ccc(OCC)c([C@H]2C(C#N)=C(N)N(c3ccccc3C(F)(F)F)C3=C2C(=O)CCC3)c1,5.8075800000000015,0.533054502614,3.1732023342288147
Cc1ccc2nc(S[C@H](C)C(=O)NC3CCC(C)CC3)n(C)c(=O)c2c1,3.41742,0.645397634811,2.692305637306095
O=C(N1CCc2c(F)ccc(F)c2C1)C1(O)Cc2ccccc2C1,2.3794,0.873135845828,2.7331997723158103
Cc1ccccc1C(=O)N1CCC2(CC1)C[C@H](c1ccccc1)C(=O)N2C,3.61572,0.7978038350550001,3.3503522834969197
CCCc1cc(NC(=O)CN2C(=O)NC3(CCC(C)CC3)C2=O)n(C)n1,1.8118,0.787345956039,3.0775671757676357
CC(C)Cc1nc(SCC(=O)NC[C@@H]2CCCO2)c2c(=O)n(C)c(=O)n(C)c2n1,0.613,0.525052380159,3.1125333770559696
Cc1ccc(CNC(=O)c2ccccc2NC(=O)[C@@H]2CC(=O)N(c3ccc(C)cc3)C2)cc1,4.22504,0.577048775827,2.4290374060065134
CCCCC(=O)NC(=S)Nc1ccccc1C(=O)N1CCOCC1,2.1622,0.800069612705,2.037915156931195
Cc1c(NC(=O)CSc2nc3sc4c(c3c(=O)[nH]2)CCCC4)c(=O)n(-c2ccccc2)n1C,3.39202,0.329473892012,2.6221777066092478
CC(C)[C@@H](Oc1cccc(Cl)c1)C(=O)N1CCC(n2cccn2)CC1,3.8036,0.788499104818,2.9404693666843014
CCN(CC)C(=O)C[C@@H](C)[NH2+][C@H](C)c1cccc(F)c1F,2.2362,0.8254878080220001,3.878253819274778
Cc1nc2c(c(Nc3ncc(C)s3)n1)CCN(C(=O)CCc1ccccc1)C2,3.81104,0.691789680398,2.545686177141297
O=C(NCCNC(=O)N1C[C@H]2CC=CC[C@@H]2C1)c1cccnc1,1.419,0.658574943009,3.1943522106224136
O=c1n(CCO)c2ccccc2n1CCO,-0.2124,0.7765984687690001,2.1086346291944853
COC(=O)Cc1csc(NC(=O)Cc2coc3cc(C)ccc23)n1,3.09442,0.7104289086300001,2.30881719313029
Cc1ccc(N2CC[C@@H](NS(=O)(=O)c3ccccc3C)C2=O)cc1C,2.69566,0.909748572395,2.595621196728107
CC[C@H](C)C[C@@H](C)NC(=O)N1CCN(CC(=O)NC2CC2)CC1,1.4169,0.751938376416,2.9068065652230364
CC(=O)Nc1c2n(c3ccccc13)C[C@](C)(C(=O)NC1CCCCC1)N(C1CCCCC1)C2=O,4.5958,0.663239457023,3.1983612450235803
N#Cc1ccncc1NC[C@@H]1C[C@@]12CCc1ccccc12,3.26928,0.919377068947,3.9186021755539393
Cc1cccn2c(=O)c(C(=O)NC[C@H]3CCO[C@@H]3C(C)C)cnc12,1.79382,0.934718058892,3.449086114198873
CNC(=O)c1ccc(/C=C/C(=O)Nc2c(C)cc(C)nc2Cl)cc1,3.36334,0.64765252107,2.23947196482918
CC1=C(CNC(=O)c2cc(-c3ccccc3)nc3c2CNN3C(C)C)CN=N1,3.4512,0.819556620415,3.350933313893432
C[C@@H](NC(=O)COC(=O)/C=C/c1ccc(Cl)cc1)c1ccccc1,3.7738,0.62222414602,2.2578478658596044
CCc1ccc(N(Cc2ccc(C)s2)C(=O)c2ccc(=O)n(C)n2)cc1,3.55962,0.676122711054,2.398371955217087
CCOC(=O)c1nnc2ccccc2c1N1CC[C@@H]([NH+](CC)CC)C1,1.3099,0.810674072532,3.8898396808771496
Cc1ccc(C#N)cc1S(=O)(=O)NCc1ccnc(OC(C)(C)C)c1,2.9175,0.878348029523,2.458668204502434
O=C(O[C@H]1CCOC1)C1(c2ccc(Cl)c(Cl)c2)CCC1,3.7472,0.773968195441,2.9338674926844224
CCC[NH2+][C@@H]1COC[C@H]1C(=O)NCc1cscc1C,0.6611199999999999,0.820213964575,4.5919783731363575
O=C(NCc1nccc2ccccc12)c1ccc[nH]c1=O,1.8531,0.773066837821,2.1587800643161543
CC(=O)c1ccc(S(=O)(=O)N2CCCC[C@H]2C)cc1,2.4523,0.7993128200730001,2.276808227461629
O=[N+]([O-])c1c(Nc2cccc3ncccc23)ncnc1N1CCN(c2cccc(Cl)c2)CC1,4.6566,0.32317117146,2.399710276167351
O=C(CCCO)Nc1ccc(F)cc1F,1.6758,0.8088101174779999,1.7280306797795273
NC(=O)CCOc1ccc(NC(=O)C[C@H]2CCc3ccccc32)cc1,2.9994,0.805668066284,2.4591139224806167
COc1cc(C)ccc1OCC(=O)Nc1nnc(C)s1,2.1810400000000003,0.917216910918,1.9120490371496803
CC(=O)c1c(O)cccc1COc1ccccc1,3.1738,0.825498390511,1.810419950878794
CCn1cc(S(=O)(=O)N2CCCCC[C@@H]2c2cc(-c3ccc(F)cc3)no2)cn1,4.0031,0.603371327782,3.0015702167223264
COC(=O)[C@](NC(=O)c1cccc(Cl)c1)(Nc1ccc(Br)c[nH+]1)C(F)(F)F,3.1901,0.515070001613,3.788624607046106
Cc1[nH]c2ccc(C(=O)Nc3cc(C(C)(C)C)nn3-c3ncccn3)cc2c1C,4.31024,0.524623808578,2.5228512463075496
Cc1noc(C)c1C[C@H](C)C(=O)N[C@@H](C)C1CCCCC1,3.55504,0.880927541311,3.1663215911580678
CCn1cc(C(=O)N[C@H]2CC(=O)N(C)C2)c(C(C)C)n1,0.9869,0.905427325234,3.1003880970800277
COc1cccc(-c2cncc3ccccc23)c1C(=O)N(C(C)C)C(C)C,5.1694,0.60464048334,2.3940342695303283
COc1ccc([C@@H](C)NC(=O)Cc2cccc3ccccc23)cc1,4.2683,0.731482566718,2.121840891631784
O=C1C[C@H](c2nc(-c3cccnc3)no2)CN1c1cccc(Cl)c1,3.3055,0.718284169172,2.6889268639203667
C[C@H]1CCCN(c2ccc(C(=O)Nc3ccc(N4CCOCC4)cc3)cc2[N+](=O)[O-])C1,3.92,0.558887789526,2.616748866138005
C=CCN(C(=O)C/C=C/c1ccc(C)cc1)[C@@H]1CCS(=O)(=O)C1,2.60002,0.749990615945,3.0798572669701163
O=C(CSc1nnc(-c2cccc([N+](=O)[O-])c2)o1)Nc1nncs1,2.2271,0.397216718992,2.4651558809130965
CN(CCc1ccc(F)cc1)c1cc(Br)cc(F)c1C(N)=O,3.5051,0.857208289245,2.310321049494448
COc1ccccc1NC(=O)CSc1ccc(-c2ccccc2OC)nn1,3.8916,0.6056206254300001,2.0069798079918666
Cc1occc1C(=O)/C(C#N)=C\c1cccc(C(F)(F)F)c1,4.3967,0.459245476419,2.477264126417527
COc1ccc2c(c1)N(C(=O)CCSc1ccccn1)C[C@@H](C)O2,3.3865,0.763182586589,2.8638823632036914
CC[C@@H](NC(=O)[C@H](C)n1cccn1)c1ccc(C)c(F)c1,3.15912,0.905928017632,3.0063794160917547
CCC[C@]1(C(=O)N[C@@H]2CONC2=O)CC[NH2+]C1,-1.7138,0.582060686386,4.9887469729908585
O=C(c1cc2cc([N+](=O)[O-])ccc2oc1=O)N1CCN(Cc2ccccc2)CC1,2.6592,0.38261650346,2.1188063487686755
CCn1c(CC2CC[NH2+]CC2)nn(CCO)c1=O,-1.4271,0.716650076078,3.859960222372005
C=CCn1c(S[C@H](C)C(=O)N2CCC(C)CC2)nnc1-c1ccc(Cl)cc1,4.5236,0.501178083184,2.7454974538100116
CCO[C@H]1C(=O)O[C@H]([C@@H](O)CO)C1=O,-1.7608,0.441573893526,4.085910843954972
Cc1ccc(-c2nnc(C[NH+](CCO)[C@H]3CCc4ccccc43)o2)cc1,2.1097200000000003,0.717526247535,3.930487866443922
Cc1cc(-n2c(C)cc(C[NH2+][C@H](C)c3ccc(F)c(F)c3)c2C)no1,3.49336,0.751491742948,3.7457349091026906
C[C@@H](NC(=O)Nc1ccn(-c2ncccc2Cl)n1)[C@@H]1CCCO1,2.6097,0.89693684669,3.296797873914346
COc1cc(S(=O)(=O)N2CCN=C2Cc2ccccc2)ccc1Cl,2.9941,0.8106405219380001,2.343666740641602
COc1ccc(OC)c(/C=C2\Oc3cc(OC(=O)c4ccncc4)cc(C)c3C2=O)c1,4.24262,0.334645107313,2.5187872700359626
COc1ccc([C@@H](NC(=O)Nc2cc(C)ccc2Cl)C2CCOCC2)cc1,4.94642,0.729271417168,2.596966695095043
C[C@H](Cc1cccs1)N(C)C[C@@H]1CCCC[C@@H]1[NH3+],2.4116,0.872582240167,4.0541989433962415
C[C@H]([NH3+])c1nc2cc(C(F)(F)F)ccc2n1C,1.895,0.822746694933,3.315049652759916
COc1cccc(CN2CCc3nnc(CCc4ccccc4)n3CC2)c1,3.1302,0.666729068135,2.110015384914945
O=C(N[C@H]1CCS(=O)(=O)C1)C1CC[NH2+]CC1,-1.7369,0.645282287439,4.149956161652306
COCC[C@H](C)C(=O)N[C@@H](C)COC,0.8101,0.676564526326,2.936499204493167
Cc1cc(N(C)C)ccc1NC(=O)c1ccc(CN2CC[NH+](C)CC2)cc1,1.64362,0.851286712177,2.8988038970606933
C[C@H](CNC(=O)[C@H]1CC[NH2+][C@@H]1C)C[NH+]1CCCC1,-1.6108,0.576685415767,5.948811613079501
CN(C)c1ccc([C@H](CNC(=O)C(=O)Nc2ccccc2C#N)N2CC[NH+](C)CC2)cc1,0.25058,0.579668574681,3.623964813315296
CCOc1ncnc(S(=O)(=O)CC)c1N,0.2511,0.7642182058920001,2.7919688880346865
CC[C@@H](NC(=O)N(C)Cc1ccc(-c2ccccc2)cc1)c1ccncc1,5.0413,0.642431970663,2.4643846540591543
O=C(Nc1ccc(-c2nc3ccccc3o2)cc1)[C@H]1CCCN1S(=O)(=O)c1ccc(F)cc1,4.4257,0.450695310807,2.5862446831190984
CC[C@@H](C)CNc1nc2ccc(Cl)cc2s1,4.4077,0.8370705890960001,2.5887992385753837
Cc1cc(C)c2nc(N3CCN(C(=O)[C@@H]4CCCCN4S(C)(=O)=O)CC3)sc2c1,2.37584,0.7390813458550001,2.906325257397849
CCc1nnc(-c2cc3ccccc3n2CC(=O)NC(C)(C)C)o1,3.1684,0.787717875033,2.4218332632322688
CCc1ccc(NC(=O)c2nn(-c3ccc(CC)cc3)ccc2=O)cc1,3.6096,0.747260890037,2.0225706537048254
Cc1ccc(C(=O)N[C@H]2CCC[NH2+][C@H]2C)cc1F,0.97822,0.819948370952,3.817035624834524
C[C@H](OC(=O)c1nc(C2CC2)n2ccccc12)c1cnc2ccccc2c1,4.6779,0.475726971082,2.949809506130162
CCCCOc1ccccc1C[C@@H]([NH3+])C(=O)[O-],-0.2316,0.6876210109469999,3.3599617967861013
CCC[C@@H]1CN(C(=O)C(=O)Nc2ccc(C)nc2Cl)CCO1,2.00942,0.6847982187880001,2.9673043600102766
C[C@H]1C(=O)N(c2ccc3c(c2)CCC3)CCN1C(=O)c1ccc(Cl)c(Cl)c1,4.3596,0.716369015027,2.731354336401104
COC(=O)C1(NC(=O)[C@H]2C[C@H]2c2c(F)cccc2F)CCSCC1,2.6233,0.841265298169,3.536271418446864
N#CC1(NC(=O)COc2cccc(Cl)c2)CCCC1,2.67138,0.917283254473,2.194072020447594
COC1CC[NH+](CCNc2nccn(C)c2=O)CC1,-1.1141,0.747303850253,3.968277148652722
C=CCN(Cc1cccc([N+](=O)[O-])c1)C(=O)Nc1cc(OC)ccc1Cl,4.4769,0.419976941352,2.20400448946366
Cc1cc(Cl)ccc1OCC(=O)N/N=C/c1ccccn1,2.57252,0.680287857985,2.075582081970632
O=C1NC(=S)NC(=O)C1=CNc1ccc([N+](=O)[O-])cc1O,0.1271,0.159707353629,2.70393268925808
Cc1c(C(=O)N2CCOCC2)oc2c1-c1nn(CC(=O)NCc3ccco3)cc1CC2,1.93192,0.675384645222,2.84526062667932
CCc1ccc(CNC(=O)c2ccc(-c3nccnc3N3CCCCC3)cc2)cc1,4.6263,0.6265585492769999,2.085945711059868
COc1ccc([C@H]2C[C@@H](C(F)(F)F)n3nc(C(=O)NC4CCCCC4)cc3N2)cc1OC,4.6231,0.661591299118,3.6333804027770085
CCCc1cc(C(=O)NNC(=O)c2cccc(Br)c2)[nH]n1,2.1995,0.7405086297779999,2.3309583531570706
O=[N+]([O-])c1c(Nc2ccc(F)c(F)c2)ncnc1Oc1cccc2cccnc12,4.7471,0.367228561855,2.418070111511957
CC(C)(C)n1ncc2c1CCC[C@H]2NC(=O)CSc1nc2ccccc2o1,4.0652,0.661483078099,3.0874100517384004
Cc1ccc([C@@H](C)NC(=O)N[C@@H](CCO)c2cccs2)cc1,3.54042,0.744714108682,2.8608215212899117
CCN(CC)S(=O)(=O)c1ccc2nc(-c3ccncc3)cc(C(=O)[O-])c2c1,1.6908,0.645769882849,2.596313654145714
CCCN(CC)c1cc[nH+]c(C(=O)[O-])c1,0.1005,0.707767716171,4.106739122556262
Cc1ccccc1N1C(=O)C[C@H]([NH+](C2CCCCC2)C2CCCCC2)C1=O,3.17722,0.8165930852750001,3.8319337664851916
CS(=O)(=O)[C@H]1O[C@H]1c1ccc(Cl)cc1Cl,2.4354,0.772831169205,3.421216009954218
C[C@H](CSc1ccc(C(=O)N(C)C)cn1)C(=O)[O-],0.2615,0.73266703389,3.2786204199881963
CCOC(=O)[C@H]1C=C(C#N)O[C@@H](c2ccc(C)cc2)C1,3.0432,0.783751648757,3.5271606096186625
CCC[NH2+]C1CCC(O)(Cc2nc(C)cs2)CC1,1.64112,0.86081466371,4.052006376218158
O=C1c2ccccc2N[C@H](CSC2=NC=NC3=NC=N[C@@H]32)N1c1ccc(Cl)cc1,3.721,0.7946913386869999,4.110498695024469
CCc1nc2ccccc2c(C(=O)NCc2ccc(OC)c(C(=O)OC)c2)c1C,3.83082,0.625191236069,2.147468340324643
Cc1nn(-c2nncc(-c3ccc(Cl)cc3)n2)c2c1[C@H](c1ccccc1)CC(=O)N2,4.16022,0.520607325866,3.16993784636312
CC(C)NC(=O)Nc1cccc(C(=O)N(C)Cc2nnc(C3CC3)n2C)c1,2.4946,0.816205452369,2.3614725314845906
Cc1nnccc1C(=O)N[C@H](C)c1ccc(Cl)s1,2.99092,0.931306706697,2.9173523430651187
O=C(NCCCc1nc(-c2ccc(Br)o2)no1)C1CC1,2.5509,0.8160144198989999,2.3626210585493315
CCOc1cccc(NC(=O)CCc2ccc(N)cc2)c1,3.2388,0.7876469123459999,1.6585520819706314
COc1ccc(/C=C2/SC(=O)N(CC(=O)Nc3ccc(F)cc3)C2=O)cc1OC,3.5179,0.70901292722,2.0398854343417376
CC(C)N(C)C(=O)[C@H]1CSCN1C(=O)/C=C/SCc1ccco1,2.7948,0.730904619958,3.6656014977393467
CCC1(CC)[C@@H](NC(=O)Nc2ccc(C(=O)NC)cc2)[C@H](C)[C@@H]1OC,3.0074,0.7321772116609999,3.620229776205405
Cc1ccc2ncc(C(=O)Nc3ncccc3OCc3ccncc3)n2c1,3.26402,0.58165899991,2.4269982111077386
N#Cc1ccnc(N2CCC([NH2+]C[C@@H]3CCCO3)CC2)c1,0.6644800000000001,0.899339408544,3.868739991599667
O=C(Cn1nnn(-c2cccs2)c1=O)OC1CCCCC1,1.3664,0.8056008937010001,2.6594297490576424
COc1cccc(COc2ccc(OC)cc2CCl)c1,4.0216,0.725739701777,1.7747886698853639
CC[C@H](NC(=O)NCc1c(C)noc1C)c1ccc(OC)cc1,3.25054,0.843359168866,2.5712750554316544
CCc1c(C(=O)Nc2ccc3c(c2)NC(=O)CS3)[nH]c(C)c1C(C)=O,3.3846199999999995,0.7174040059739999,2.6027856843371784
CSc1ccc(/C=c2\sc3ncnn3c2=O)cc1,1.4206,0.670538041677,2.4905308106072996
COc1ccc(C(=O)/C=C(\C)Nc2ccc(F)cc2F)cc1,4.172,0.6392706496980001,1.9967132689143727
O=C(C=C1CCSCC1)N[C@@H]1CCC[C@H]1Cc1ccccc1,3.9674,0.8225512208210001,3.454757993899189
C[C@@H](Sc1nc(/C=C/c2cccs2)n[nH]1)C(=O)N1CCOCC1,2.376,0.839031406077,3.3937055304603563
Cc1cccc(C(=O)N[C@@H](C(=O)N2CCC[C@@H](C)C2)C(C)C)c1,3.00792,0.918305854719,2.6372812904977607
COC(=O)[C@@H](C)Sc1nnc(Nc2cccc(Br)c2)s1,3.6978,0.618511644336,2.696096888288817
Cc1cnc(C(=O)Nc2ccc(N(C)C3CC[NH+](C)CC3)cc2)cn1,1.15062,0.8876086519419999,3.3100109328180287
CC(=O)Nc1nc2ccc(NC(=O)NCc3ccccc3)cc2s1,3.5764,0.662075821299,1.8780187571672755
C=CCN1C(=O)/C(=C/c2ccccc2F)S/C1=N\S(=O)(=O)c1cccs1,3.7344,0.542446475661,2.6830887096954843
CC[C@H]1CC(=O)N(Cc2ccccc2C#CCCO)C1,2.1790000000000003,0.8554081519560001,2.9658739270395404
COc1ccc(F)cc1C(=O)Nc1nccs1,2.5431,0.911192738757,1.865948312609788
CC[C@@H](CC(=O)NC1(C(=O)OC)CCSCC1)c1ccccc1,3.1253,0.8009812455609999,3.0274241456683395
Cc1ccc(C)c(-n2c(SCCCCCO)nc3ccccc3c2=O)c1,4.25724,0.369017613332,2.1183055809397526
CC[C@@H](C)[C@@H]([NH3+])c1ccc(Cl)s1,2.7306,0.7806285635369999,4.0442834910196765
COc1cccc([C@@H](C)[NH2+]CCOc2ncccc2Cl)c1,2.447,0.7990748303440001,3.4582728451976816
CC[C@@H]1CCCCN1C(=O)NC1CCN(C(=O)OC(C)(C)C)CC1,3.36,0.823101572856,2.673980630154132
CCOc1cccc(NC(=O)NCc2ccc(N3CCSCC3)cc2)c1,3.9602,0.779269837941,2.052870785010219
Cc1cccc(NC(=O)CN2CCN(c3ccc4c(c3)OCCO4)C2=O)n1,2.04192,0.897040869424,2.3886366127255965
C=C(C)C(=O)N[C@H](C)c1nc2ccccc2n1CCC(=O)N1CCCCCC1,3.5823,0.757525043045,2.7698667986394714
CCOC[C@H]1CC[NH+](Cc2ccc(-c3nc4ccccc4s3)o2)C1,2.9976,0.740130387788,4.186773826234576
CCOC(=O)[C@]1(Cc2cccc(Cl)c2)CCCN(C(=O)c2ccnn2C)C1,3.1017,0.72760148517,2.964957170409201
Cc1ccc([N+](=O)[O-])cc1NC(=O)C(=O)N1CC[C@H]([NH+]2CCCC2)C1,0.12132,0.473266997774,3.9944283730300674
CCOCCCNC(=O)N[C@@H]1CCC[C@@H](CC)C1,2.681,0.6852256065860001,2.8548050365992315
O=C(Cc1cccc(F)c1F)Nc1cccc(Br)n1,3.3035,0.86380775987,2.1544921946130504
COc1ccccc1NC(=O)[C@@H]1CCCN(C(=O)Nc2cccs2)C1,3.6393,0.852565842501,2.552227384019078
C[C@H]1CCC[C@](C#N)([C@]2(O)CCCCC2(C)C)C1,4.0377800000000015,0.734387437105,4.221271489337696
O=C(NCc1ccc([N+]2=CCCC2)cc1)NC1(c2ccc(Cl)cc2)CC1,4.3371,0.725853331427,2.9715864125405838
CCCC(=O)N[C@@H]1CCC[NH+](Cc2ncccc2C)C1,0.85362,0.850648366707,4.214481257391943
O=C(NCc1cccs1)C1(c2cccc(Cl)c2)CCC1,4.1396,0.86883167301,2.1765408966060136
C[C@H]1CCC[C@H](NC(=O)[C@@H](C)Sc2ncn[nH]2)[C@@H]1C,2.2262,0.832942644507,3.5973139422713416
COc1ccc([C@@H]([NH2+]Cc2ccc(Cl)nc2)c2ccc(F)cc2)cc1,3.7357,0.662921755779,3.2708600763267714
COc1cc(NC(=O)[C@H](C)Sc2ccccc2Cl)cc(OC)c1,4.4765,0.745687947907,2.385578661200885
CCN1CCC(=NNC(=O)c2ccccc2)CC1,1.8881,0.8316045550069999,2.039718680429786
CCCOc1ccc(Br)cc1C[NH+]1CCC([C@@H](C)O)CC1,2.4136,0.820134552689,4.05715998991737
Cc1cc2n(C[C@H](O)CO[C@H](c3ccccc3)c3ccccc3C)c(=O)c3ccccc3n2n1,4.43314,0.378783851818,3.2947967072781847
CCc1ncc(CN(C)C(=O)Nc2c(C)ccc([N+](=O)[O-])c2C)s1,3.89444,0.634052109306,2.657179312865757
c1ccc2nc(NCCCc3nc4ccccc4[nH]3)cnc2c1,3.5508,0.540120423267,2.159337097388549
Cc1c([C@H](C)[NH2+]Cc2cccn2C)cnn1C,0.8916200000000001,0.849548171797,4.051689129028328
CC(=O)N[C@@H](C(=O)NC1COC1)C(C)C,-0.3379,0.696737142825,2.656179384989548
O=C(Nc1ccccc1F)c1cc2ccccc2c2cccnc12,4.7794,0.516952569793,1.852203793001008
Cc1ccccc1N1C(=O)/C(=C/c2cccn2-c2cccc([N+](=O)[O-])c2)C([O-])=NC1=S,3.16782,0.26928944727,3.0011222712416554
COCCN1C[C@H](C(=O)N(Cc2cccc(Cl)c2)C(C)C)CC1=O,2.5719,0.755728173443,2.7181561546296567
COc1ccc(NC(=O)N2CCN(C(=O)Cc3csc4ccccc34)CC2)cc1OC,3.8373,0.635303050969,2.185108716566962
C#CCN(C[C@H]1CCCO1)C(=O)N[C@@H](C)c1cccc([N+](=O)[O-])c1,2.4796,0.492476858019,3.2788404195949687
Cc1cccc(C2=CCN(C(=O)Nc3ccc(C(N)=O)c(Cl)c3)CC2)c1,4.06852,0.82370915523,2.234676275554284
COCCCN1C(=O)c2ccc(C(=O)Nc3nc(-c4ccc(C)cc4)cs3)cc2C1=O,4.00332,0.431749639537,2.1772970602457544
O=S(=O)(Nc1ccc(N2CCCS2(=O)=O)cc1)c1ccc(F)c(Cl)c1,2.8198,0.843147306013,2.2796425405244687
O=C1/C(=C/c2ccccc2)Oc2c1ccc1c2CN(Cc2cccs2)CO1,4.7164,0.593809277845,2.6343519233764834
CC[C@@H](C)[C@@H](NC(=O)c1cccc(F)c1)C(=O)N=c1[nH]c2ccccc2[nH]1,2.9071,0.640847266475,3.32425822545796
Cc1c(F)cc(N)cc1S(=O)(=O)N[C@@H](C)C1CC1,1.79312,0.826650065747,2.8718939469931066
Cc1ccc(Cn2ncc3c(N)ncnc32)cc1,1.76522,0.744928232157,2.06572282244162
CCOC(=O)C(C)(C)c1nc(-c2ccccc2)no1,2.5773,0.788487273751,2.2664553295912806
CCOC(=O)c1sc(/C=C/c2nc3c(s2)CCC3)nc1C,3.74382,0.78198150305,2.8676859281244784
C[C@@H]1CC[C@@H]([NH2+]C2CCC(NS(C)(=O)=O)CC2)c2ccccc21,2.0488,0.887206747502,4.147964232171473
CN(C)S(=O)(=O)c1ccc(C(=O)N(C(=O)N2CCCCC2)c2ccccc2)cc1,3.1896,0.757064308207,2.20013842579473
CC[NH2+][C@@H](CC)c1ccccc1OCc1cccc(F)c1,3.4391,0.812182521804,3.2242336144284516
C=CCOC(=O)C1=C(C)N=C2S[C@H](C)C(=O)N2[C@H]1c1ccc(F)cc1,3.2035,0.601939797643,3.3073415353537
CCC[NH2+][C@]1(C(=O)OCC)CC[C@H](n2cc(Cl)c(C)n2)C1,1.84522,0.820542360238,4.590596657471066
Cc1cc(NC(=O)CSc2nnc3c4ccccc4n(C)c3n2)ccc1Br,4.318219999999998,0.457174590029,2.334315772027832
CCOC(=O)c1sc(NC(=O)c2ccc(-n3c(C)nc4ccccc4c3=O)cc2)cc1C,4.4930400000000015,0.435476280388,2.292380203934398
CC#CCC(=O)C1([NH+](CC)CC)CCCC1,1.2064,0.702172051834,4.452669104718962
O=C(NCCCc1ccccc1)C1CCN(C(=O)[C@@H]2CC(=O)N(c3ccccc3)C2)CC1,3.0271,0.675219616425,2.500728336888498
O=Cc1ccc(OCc2ccn(-c3cccc(F)c3)n2)cc1,3.4029,0.6642113495499999,2.124798597571374
Clc1ccccc1Cn1ccnc1,2.5848,0.7136186924950001,1.867970519239595
Cc1[nH]c(=O)c(C(=O)N2CCN(c3ccccc3)C(=O)C2)c(C)c1C,1.78916,0.912920757561,2.3442218047385173
C[C@@H](NC(=O)NC[C@H]1CCCN(c2ncccn2)C1)C1CCOCC1,1.8073,0.855043975229,3.207719021952866
O=C(NCCS(=O)(=O)c1ccccc1)N1CCC[C@@H]2CCC[C@@H]21,2.4344,0.918002779985,2.8984272445437167
Cc1ccc(-c2cc(NC(=O)C(C)C)c(=O)n(CC(=O)Nc3cccc(C)c3)n2)cc1,3.76034,0.618718991117,2.151516941527264
Cc1ccc(S(=O)(=O)N2CCN(C(=O)[C@H]3CCCC[C@@H]3C(=O)[O-])CC2)cc1C,0.6926399999999999,0.74437387278,3.2213029083404368
CCc1ccc(-c2nc(C(=O)N3CCO[C@H](CC)C3)cs2)cc1,3.6235,0.837509655945,2.642730256480604
Cc1cc(C)cc(OCC(C)(C)C[NH2+]C2CC2)c1,2.43424,0.8217039512250001,3.3643912501677384
CCOC(=O)[C@H](F)[C@@]1(O)CCC[NH+](C(C)C)CC1,0.0959,0.7254131164040001,5.186099452446017
CCn1cc(/C=C/C(=O)c2ccc3ccccc3c2)cn1,3.9523,0.515665340409,2.1320365586415018
CCC(CC)C(=O)Nc1cnn(-c2ccccc2F)c1,3.3861,0.891085647384,2.1831171690178106
O=C1O[C@H](C(=O)Nc2ccnc3ccnn23)Cc2ccccc21,1.4495,0.731510788932,2.9684529472226977
COCCn1nnnc1[C@@H](C(C)C)N1CCSCC1,1.0654,0.78948590376,3.232175091366954
O=C(NCCNS(=O)(=O)c1cccc(Cl)c1F)c1cccnc1,1.5824,0.775125126686,2.1113270325892195
Cc1ccc(CNC(=O)NCc2nnc3n2CCC3)s1,1.59362,0.906335518166,2.4679433815983347
C/C=C/C[C@]1(C(=O)[O-])CCN(C(=O)OC(C)(C)C)C1,1.3297,0.7320361492890001,3.612120014443876
O=C(N[C@@H](CO)c1ccco1)c1cc(Cl)ccc1OC1CCCC1,3.7178,0.809840923461,2.7745847043408163
Cc1cc(N(C)C)ccc1NC(=O)c1c[nH]c2nccc(Cl)c12,3.84302,0.7433601726960001,2.381573667204604
CCOC(=O)c1cccc(NC(=O)c2cn[nH]c2C)c1,2.14712,0.838794932463,1.926293267918908
CCC(CC)[S@](=O)CCC(=O)[O-],0.0637,0.612832192332,4.391498230342084
COCc1ccc(C(=O)N(C)Cc2ccc(Cl)s2)cc1,3.8201,0.814100560616,1.991891894292536
O=C(CCc1nc2ccccc2c(=O)[nH]1)Nc1cc(Cl)c(Cl)cc1Cl,4.4546,0.6119463632159999,2.174543324088731
CC[C@@H](C)NC(=O)c1ccc2c(c1)CCCN2S(C)(=O)=O,1.9271,0.929199940883,2.5472284727280474
COc1ccc(C)cc1-n1nnnc1SCC(=O)Nc1cc(C)cc(C)c1,3.32696,0.645846701396,2.167714220947333
C[C@H](NC(=O)Cc1ccc[nH]1)C(=O)N1CCCC[C@H]1C,1.4629,0.883577214196,3.1708323129153646
CCOC(=O)[C@H]1CCCN(C(=O)c2cc(C(C)C)n(C)n2)C1,1.9588,0.802111408858,2.8759756588753462
C[C@H]([NH2+]Cc1nc(Cc2ccccc2)no1)[C@@H](C)n1cccn1,1.57,0.7250286825839999,3.937529018888773
c1cc(CN2CC[NH+](Cc3ccc4c(c3)OCCO4)CC2)no1,0.3465,0.901741624847,3.6398541542447367
CCCCNC(=O)CCc1c(C)nc2c3ccccc3nn2c1C,3.34824,0.6943056199590001,2.227745926161965
O=C(C[C@@H]1C[NH2+]CCO1)N[C@H]1C=CS(=O)(=O)C1,-2.2344,0.637859288694,4.83794793452932
C[C@@H]1CCO[C@@H]1C(=O)N1CC[C@H](C(N)=O)c2ccccc21,1.4172,0.903394811691,3.6623936996894
CCC[NH2+][C@H](Cc1nn(C)c2ccccc12)c1ncc[nH]1,1.5536,0.727857679117,3.96099385402492
CC(C)c1noc(-c2cc[nH+]c(N3CCN(C(=O)[C@H]4C[C@H]4C)CC3)c2)n1,1.9787,0.841583959799,4.096947011804689
O=C(NCc1cccnc1)NCc1ccnc(OCC(F)F)c1,2.1199,0.821681596709,2.354917395351457
C[C@@H](NC(=O)N1CCCCCCC1)[C@@H]1CCCO1,2.5296,0.8211297565350001,2.8722747372605597
COc1ccc([C@H]2C(C(=O)NCc3ccccc3)=C(C)Nc3ncnn32)cc1OC,2.9006,0.6500247306979999,2.9669964238722186
Cc1cc(=O)n2c(n1)SC[C@@H]2CC(=O)NCCC(C)C,1.75092,0.8469500852930001,3.085538306870236
CC(C)C1=CN=N[C@H]1[C@H]1CCC[NH+](C[C@@H](C)Cc2ccc3c(c2)OCO3)C1,3.2631,0.8217126082639999,5.059660169025172
COc1cc(CNC(=O)c2occc2Br)ccn1,2.3757,0.941966069768,2.3871285481638616
Cc1cccc(COc2ccc(Br)cc2/C=C2\SC(=S)NC2=O)c1,4.82532,0.543590320984,2.3232680981076648
O=C(N[C@@H]1CCO[C@@H]1c1ccc(Cl)c(F)c1)[C@H]1Cc2ccccc2O1,3.429,0.891943395671,3.4437419933999753
Cc1ccc([C@]2([NH3+])CC[C@@H]2C)cc1,1.86212,0.6805977477940001,3.791473025774513
O=C(CNC(=O)c1ccco1)OCC(=O)c1ccc2ccccc2c1,2.5887,0.5504286903419999,1.9949012361766432
O=C(c1cc2c(F)cccc2[nH]1)N(C[C@@H]1CCCO1)c1ccncc1,3.5278,0.7726368656679999,2.9641943492456324
Cc1cc(C)c(NC(=O)c2cc3ccccc3n2C)c(C)c1,4.35586,0.7165716259550001,1.9778325627353064
CSc1ccccc1NC(=O)N[C@@H](CO)c1ccc(Cl)cc1,3.917,0.7010408647849999,2.4556169988257204
Cc1cc(Br)ccc1CNC(=O)C1CC=CC1,3.33992,0.835505039313,2.224511774148249
COc1ccc(CN/C(C)=C2/C(=O)N(c3ccc(OC)cc3)N=C2C)cc1,3.4901,0.7785028958429999,2.1814674598137302
O=C(COC(=O)C1(c2ccccc2F)CCCC1)N1CCOCC1,2.0395,0.7940855395540001,2.301103038103731
CC1(C)C(=O)NCC[NH+]1Cc1ccc(OCC(F)F)cc1,0.6238,0.8525491944,4.0682124738448975
Cc1ccc([N+](=O)[O-])cc1C(=O)Nc1ccc(C(=O)NC(C)C)cc1,3.2937199999999995,0.632242372499,1.8177358515612558
C[C@@H]([C@@H](O)c1ccc2ncnn2c1)[N+](=O)[O-],0.4279,0.612613347161,3.818362170694437
C[C@H](Oc1ccc(Cl)c(Cl)c1)C(=O)NC[C@H]1CCC[C@@H]1O,3.0379,0.861574164868,3.042296977124997
COC[C@H]1CCC[NH+](Cc2cc(C)n(Cc3ccco3)c2C)C1,2.1875400000000003,0.888182028116,4.335534237550709
Cc1ccc([C@H](C)NC(=O)CN(C)C(=O)OC(C)(C)C)cc1F,3.17822,0.911884826115,2.5657720746624206
CC(=O)NCCC(=O)N1CCC[C@@H](C)C1,0.7711,0.76342643389,2.3678320621435383
COc1ccc(N2CCn3c2nn(CC(N)=O)c(=O)c3=O)cc1,-0.9494,0.763627782533,2.4414647729738324
ClC(Cl)(Cl)c1nonc1C(Cl)(Cl)Cl,3.723,0.666235995203,3.884031358400435
CCc1sc(C(=O)N2CCN([C@@H](C(N)=O)c3ccccc3)CC2)cc1C,2.60332,0.8760293190039999,2.7513557426801736
C[NH+](C)Cc1cc(NC(=O)CCCC(=O)N2CCCCCC2)[nH]n1,0.5656,0.693651043405,3.3037081433565354
C[C@@H](Nc1ccc(COC(C)(C)C)cc1)c1ccc(C#N)cc1,5.04648,0.806257774197,2.5171127958162707
NC(=O)c1ccc(NC(=O)c2cccn(Cc3ccc(F)cc3)c2=O)cc1,2.3869,0.7271756951330001,1.9049178646720293
Cc1cc(C(=O)N2CC[C@H](C)C[C@H]2C)c2c(C)nn(C)c2n1,2.84574,0.807639229122,3.1466466329524434
Cc1c(C(=O)N2CCCC2)oc2c1-c1nn(CC(=O)N3C[C@@H](C)C[C@@H](C)C3)cc1CC2,3.29062,0.745065442292,3.572807958389061
Cc1cc(C)cc(NC(=O)CC(C)C)c1,3.28804,0.791924213945,1.7199996572654561
COc1cc(OC)cc([C@H]2CC[NH+](CCC(F)(F)F)C2)c1,2.0284,0.903688569247,4.271184986383532
CCn1ccnc(N2CCCC[C@@H](N3CC[NH+](C)CC3)C2)c1=O,-0.5476,0.84490191485,3.9536715152218638
C[C@@H]1CCC[C@](O)(c2ccc(Cl)s2)CC1,4.1893,0.705974881999,3.3379130978663065
CCOC(=O)C[C@H](C)CNC(=O)C(=O)N1CCc2ccc(C)cc21,1.58962,0.66200702499,2.879646364419866
COc1ccccc1C[NH+]1CCC[C@H](N2CCCC2=O)C1,0.8649,0.905961479893,4.0509499731209315
CCNc1ccc2c(OC)ccc(F)c2n1,2.8143,0.857525067712,2.0778869368867934
Oc1ccc(C2[NH+](Cc3ccccc3)CC[NH+]2Cc2ccccc2)c(O)c1,1.2802,0.559110807826,4.299541175286278
Fc1ccc([C@@H]2C[C@@H](c3ccc(Br)cc3)Nc3ncnn32)cc1Br,5.0885,0.566024471588,3.5856742737356377
COc1ccc(O)c(CNC2CC[NH+](Cc3ccccc3Cl)CC2)c1,2.3913,0.740325880626,3.2347031592535647
Cc1ccc(NCc2cccc(C(=O)NCc3ccco3)c2)c(F)c1,4.26922,0.676882020174,1.951214697715104
Cc1c(C(=O)N(C)[C@@H]2CCN(c3ccccc3Cl)C2=O)cnn1C,2.25942,0.858036543576,2.9277239867974885
Cc1nc(C(C)(C)C)[nH]c(=O)c1C(=O)Nc1cccc(Cl)c1C,3.5899400000000004,0.859556264621,2.42194254724874
CCOC(=O)[C@H]1CCCN(C(=O)c2cn(CCc3ccccc3)nn2)C1,1.9361,0.743632092934,2.610463021921481
C[C@@H]1[C@H](C(=O)[O-])CCN1S(=O)(=O)c1ccc(F)c(Cl)c1,0.6281,0.8331235036679999,3.5371533527246117
CC1CCC(OC(=O)C2=NC3=C(C(=O)C[C@@H](c4ccccc4)C3)[C@H]2C)CC1,4.5998,0.703204520522,3.500590556285027
CN(Cc1ccno1)Cc1c(C(=O)N2CC[NH+](C3CCCCC3)CC2)nc2ccccn12,1.6277,0.640208900691,3.789982364327197
Cc1cc(F)c([C@@H]([NH3+])[C@H]2Cc3ccccc3O2)cc1F,2.55992,0.897045085147,3.652849071157125
COc1ccc(OCC(=O)N/N=C2\CCCc3ccccc32)cc1,2.9308,0.8527236096259999,2.0216193973966132
CC(C)[NH+]1CCC(N2CC[NH+](Cc3c(F)ccc(F)c3F)C[C@@H]2CCO)CC1,0.0111,0.604013742228,5.259319814511188
CC[NH2+][C@@H](C)c1cc(F)c(C)cc1N1C[C@H](C)S[C@H](C)C1,3.10862,0.909867418239,4.528861098303275
CC(C)c1nsc(NC[C@H](C2CC2)[NH+](C)C)n1,0.9965,0.8079386748540001,4.399227846739848
Cc1ccc(-c2nc(C[NH+]3CCCC[C@H]3c3cccnc3)c(C)o2)s1,3.72504,0.754297197054,4.300639569898072
COc1cccc(C2=C[C@H](C(=O)N3CCCCC3)N=N2)c1,2.883,0.8503248850949999,3.149293727921515
O=C(Nc1ccc2[nH]c(=O)[nH]c2c1)c1cc(S(=O)(=O)NC2CC2)ccc1Br,2.3117,0.476109100912,2.3252447310687914
c1ccc2c(c1)CC[C@H]([C@H]1CCCc3cccnc31)N2,3.9284,0.815534371594,3.173905994234046
Cc1ccc(NC(=S)NC(C)C)cc1C,2.99824,0.7444710957940001,1.7934327341885314
C[C@@H](Nc1ccc2c(c1)CCC2)C(=O)N1CCCC1,2.5981,0.901092756263,2.458359287171149
CCOc1ccc(Nc2ccc(C#N)c([N+](=O)[O-])c2)cc1,3.60878,0.651562781426,2.045455354460852
CC(C)OC(=O)CCNC(=O)c1cnn(-c2ccc(F)cc2)n1,1.4779,0.822812388656,2.291660205666142
CCCCOc1ccccc1NC(=O)c1scnc1C1CC1,4.4517,0.734537328733,2.300655225318625
O=C1N=C(N2CCCCC2)S/C1=C1/C(=O)Nc2ccccc21,2.4651,0.747021214321,2.4973574918021413
Cc1c([C@H](C)NC(=O)c2[nH]c3ccccc3c2Cl)cnn1C,3.35422,0.763445661593,2.787395154461727
CSc1cccc2sc(N3CCN(C(=O)c4ccn(C(C)C)n4)CC3)nc12,3.758,0.605024749428,2.588306381418441
Cc1ccc(C)c2nc3sc(C(=O)Nc4ccc5c(c4)OCO5)c(N)c3cc12,4.62954,0.497208168204,2.4309879292780483
COC(=O)CCN(Cc1cnc2ncccn12)C1CCOCC1,1.2734,0.755977216399,2.8269471208498387
O=C(c1c[nH]c2ccc(F)cc12)N(CC1CC1)CC(F)(F)F,3.7215,0.833617378046,2.4771833571867568
O=C(Cc1ccc(Cl)cc1)/N=C1/S[C@@H]2CS(=O)(=O)C[C@H]2N1c1cc(Cl)ccc1Cl,4.4909,0.6076754783789999,3.3482362314749468
Cc1cccc(C)c1NC(=O)C[NH+]1CCC(OCc2ccc(F)cc2)CC1,2.64514,0.817002145671,3.135914573226632
C[C@H]1CCC[C@@H](C)N1C(=O)[C@@H]1COCCO1,1.1913,0.683511548261,3.5453853864178186
CC(C)[C@@H](C)CC(=O)NNC(=S)NC1CCCCC1,2.4966,0.547991609652,2.7947608901835204
Cc1cccc(NC(=O)CN2C(=O)/C(=C3\SC(=S)N(Cc4ccco4)C3=O)c3ccccc32)c1,4.34492,0.406267458453,2.5113349385768617
CC(=O)N[C@@H]1C(=O)C[C@@H]2[C@H]3CCC4=CC(=O)CC[C@@]4(C)[C@@H]3CC[C@]12C,3.202,0.7831696964079999,4.247595679540866
CCCNC(=O)[C@H]1CS[C@H](c2ccccc2O)N1C(C)=O,1.8809,0.8964899320309999,3.087670662776105
Cc1ccc(N2CC[C@H](C(=O)NC[C@@H](CC(C)C)N3CCOCC3)C2=O)cc1,2.21102,0.7309916831409999,3.175725776611406
COc1ccc(NC(=O)CCc2ccc3c(c2)OCCO3)cc1OC,3.0463,0.863250380594,1.8826839284843349
Cc1ccc(C(F)(F)F)cc1/C=C/C(=O)[O-],1.77692,0.7302420721770001,2.7360803434802
Cc1ccccc1C(=O)Nc1ccc(N2CC[NH+](Cc3ccccc3)CC2)cc1,3.15242,0.697074269757,2.8020158717474697
c1cc(C[NH2+]Cc2ccco2)cc(OC2CCCC2)c1,2.8646,0.871295721356,3.04075271846836
O=C(c1cccs1)N(Cc1ccc(F)cc1)Cc1cc(-c2ccccc2)cn2nnnc12,4.8345,0.360487284131,2.549660105734725
COc1ccccc1CC(=O)N[C@@H]1CS(=O)(=O)C[C@H]1Cl,0.7583,0.846108840713,3.032988861366915
c1cc(-c2nc3c4cn[nH]c4ncn3n2)ccc1COc1ccc2c(c1)CCC2,3.7353,0.497444059747,2.5941614732453644
CN(C(=O)c1ccc(Cl)cc1O)C1CCC(=O)CC1,2.6293,0.903566347245,2.3286205411576533
CNC(=O)CNS(=O)(=O)c1cccc(C(F)(F)F)c1,0.7297,0.874555237367,2.0486427896783628
Cc1ccc(S(=O)(=O)N2C[C@@H](CC(=O)[O-])c3ccccc32)c(C)c1,1.73594,0.8527270948360001,3.1311722385457412
Cc1cc(N)nc(SCC(=O)NC[C@@H](c2ccccc2)C(C)C)n1,3.01532,0.589585065358,2.7573857026935333
Cn1cc(C(N)=O)c(NC(=O)c2ccc3sccc3c2)n1,1.986,0.778781870192,2.4237932944869267
COc1cc2c(cc1O)[C@H](c1cnc(-c3cccc(C)c3)nc1)CC(=O)N2,3.64032,0.67771990514,2.9666751866035352
CC(=O)Nc1ccc(O[C@H](C)c2nc(C(C)(C)C)no2)cc1,3.4655,0.915271437389,2.67684258195227
O=C(c1c(-c2ccccc2)nc2sc3c(n12)CCCC3)C(F)(F)F,4.6866,0.600855370373,2.6915737542162628
CC(C)CNC(=O)NC(=O)[C@@H](C)Nc1ccc(OC(C)C)cc1,2.756,0.7173507408230001,2.4982425957542347
C=C[C@](C)(O)CC[C@H]1C(C)=CC(=O)[C@H]2C(C)(C)CCC[C@@]21C,4.6814,0.731644833407,4.432208084675887
CC[C@H](C)Sc1nncn1-c1ccccc1C,3.46632,0.758338669946,2.6910013835291458
COCC(=O)N1CCCc2ccc(NC(=O)c3cccc(Br)c3)cc21,3.627,0.826629194795,2.0771786467941933
C[C@H](Oc1cccc(Cl)c1)C(=O)Nc1ccc2ccccc2c1,4.8992,0.708710072307,2.137347738998088
Cc1cc(Br)ccc1SCC(=O)N1CCC(C(=O)c2ccc3c(c2)OCCO3)CC1,4.7423199999999985,0.428002896873,2.37672877334642
Nc1ccc2c(c1)CN(C(=O)c1ccc(Cl)cn1)CC2,2.5157,0.818882353103,2.167516605108037
C[C@H](CN(C)C(=O)c1ccc(F)c(F)c1F)C(=O)[O-],0.5619,0.768315758044,3.2274848244909715
NC(=O)c1ccc(SCC(=O)Nc2ccc3c(c2)Cc2ccccc2-3)c([N+](=O)[O-])c1,3.9957,0.26864531534,2.2813098698422625
CN(C(=O)CSCC(F)(F)F)c1cccc([N+](=O)[O-])c1,2.8531,0.615060796624,2.5554864775394783
C=CCn1c(SCC(=O)Nc2cc(C)on2)nnc1[C@H]1COc2ccccc2O1,3.00382,0.460741122557,3.0787800803526717
CC(=O)N[C@@H](CC(=O)Nc1ccnn1Cc1ccc(C)o1)c1ccccc1,3.03882,0.665004254525,2.7618474143757616
CNC(=O)Cc1nc(C[NH+](C)C2CCC(c3ccccc3)CC2)cs1,2.1727,0.834035486582,3.7274619994036935
COCCOc1c(Cl)cccc1NC(=O)Cc1c[nH]c2ccccc12,4.0277,0.604176877657,2.0942012361766427
COCCN1[C@@H](C)CN(C(=O)C[NH+](C)C2CC2)C[C@H]1C,-0.7689,0.7276991345370001,4.595486039794257
CSc1nncn1/N=C\c1cc(Cl)ccc1F,2.6747,0.633576406128,2.7209079279944017
CC(C)(C)OC(=O)N1CC[C@H]2CC(=O)[C@H]2C1,1.8324,0.635840762415,3.0838684237437137
C[C@@H](CCO)SCc1ccccc1OC(F)F,3.2921,0.8032631473549999,2.794523171581518
C[C@@H]1C[C@@H]1C(=O)Nc1ccc(F)cc1C(=O)NC1CCC(O)CC1,2.4535,0.7909368603370001,2.8769825133221385
COc1ccccc1CNC(=O)COc1ncnc2oc(C)c(C)c12,2.5434400000000004,0.739991585753,2.346515591539589
Fc1ccc(F)c(C[NH+]2CCC(n3cc(-c4cccnc4)nn3)CC2)c1F,2.1774,0.71471905096,3.60609874290311
O=C(C[NH+]1CCC(C(=O)c2ccc(Cl)cc2)CC1)NC[C@H]1COCCO1,0.3492,0.7132990039429999,3.8769337911522506
CCC[NH+](C)C[C@H]1CCN(C(=O)Nc2cc(NC(C)=O)ccc2C)C1,1.73192,0.739325971664,3.7509121039155726
Cc1nc2ncnn2c(NCCOC2CCCCCC2)c1C,2.89244,0.673932516029,2.636526482186758
C[C@H]1CN(Cc2cnn(-c3ccccc3)n2)C[C@H](C)S1,2.5931,0.8668894986139999,3.354093235613357
COc1cc(OC)cc([C@@H](N[C@@H](C)c2ccc(F)cn2)c2[nH+]ccn2C)c1,2.8307,0.688975217065,4.077611059466056
CC(C)CCc1noc(C[NH+](C)[C@H]2CCC[C@@H]2S(C)(=O)=O)n1,0.6386,0.808175276286,4.666611037487011
CCc1nc2n(n1)CCC[C@H]2NC(=O)c1ccc(-n2cc(C)cn2)cc1,2.59952,0.782326970526,3.079819944998404
C[C@@H](NC(=O)c1ccccc1CSc1nc2ccccc2[nH]1)C1CC1,4.3835,0.620433953779,2.626933153249848
O=C([C@H]1CCCN1S(=O)(=O)N1CCCCC1)N1CCSCC1,0.7569,0.7687816799539999,2.937505548985236
Cn1c(=O)c(=O)n(CC(=O)N2CCC3(CC2)OCCO3)c2cccnc21,-0.5393,0.69472752238,3.1498612506117087
COc1ccc(C(=O)N(CC2=CC=C[C@@H]3N=CC=C23)C2CC2)cc1,3.1754,0.824029325065,3.452897747819076
CCc1ccc(-c2nc(N)ccc2[N+](=O)[O-])cc1,2.8014,0.6591637860189999,2.097790195222684
c1csc([C@@H]2CN(Cc3cnc(C4CCC4)s3)CCO2)c1,4.0456,0.8188651464390001,3.23226356480066
O=S(=O)(/N=C(\[O-])c1ccsc1)N1CCCC1,0.1956,0.588966509617,3.2839823215021786
Cc1nccn1CC(=O)N1CCCC[C@@H]1CCNC(=O)c1ccccc1,2.39272,0.866428850253,2.6351904065368656
C[C@H](Sc1nnc(-c2ccc(Cl)cc2)n1C[C@H]1CCCO1)C(=O)Nc1ccc2c(c1)OCO2,4.6255,0.465546247023,3.0827084557791906
COc1ccc(-n2nnc(-c3nc(-c4ccc5c(c4)OCO5)cs3)c2C)cc1OC,4.11212,0.460603313688,2.477026817884079
CN(c1ccccc1)S(=O)(=O)c1ccc2c(c1)C(C)(C)C(=O)N2,2.7414,0.935938984609,2.2736013114353733
Cc1cc(S(=O)(=O)N2CCN(C(=O)[C@H]3C[C@H]3c3ccc(Cl)cc3)CC2)c(C)s1,3.65494,0.7120918209999999,3.060452950605864
O=C(Nc1ccc(Oc2ccc(Cl)nn2)cc1)[C@@H](O)c1ccccc1,3.5944,0.711944097083,2.5271023840190794
CCCc1cc(=O)n2c(n1)SC[C@@H]2CC(=O)Nc1cccc(Cl)c1Cl,4.1782,0.7379727485690001,3.0463565048981986
Cc1ccc(NC(=O)CSc2nnc([C@@H]3CCCN3C(=O)c3cccc(C)c3)n2C)cc1,4.14004,0.550365693894,2.667786199621297
Cc1noc(C)c1CCCNC(=O)N[C@H]1CC(=O)N(C2CC2)C1,1.28654,0.7820500924410001,2.938927218893191
CC(C)(C)[C@@H]1CCC(=O)[C@@H](CN2CCOCC2)C1,2.3501,0.7571015079699999,3.1928177786806784
COc1cc(/C=C2\SC([N-]c3cccc(C(=O)[O-])c3)=NC2=O)cc(OC)c1O,2.4486,0.76728460434,3.624698668923018
C=CCO[C@H](C)C(=O)Nc1ccc(F)cc1Br,3.1178,0.8377187539309999,2.623849920318444
O=C(CN1CCN(Cc2ccc(F)c(F)c2)CC1)c1cccs1,3.0268,0.7757919576700001,2.0384173953514555
CC[NH+]1C[C@H](c2ccccc2)CC2(CCN(C(=O)c3ccon3)CC2)C1,1.9893,0.921901570746,4.599936281492836
C[C@H]1C[C@H]([NH+]2CC[C@H](S(=O)(=O)NC3CC3)C2)CC(C)(C)C1,0.9402,0.823084126126,5.111098444249652
CC[C@H](Sc1cc(C)c2cccc(C)c2n1)C(=O)Nc1nc2ccc(S(N)(=O)=O)cc2s1,4.61814,0.367413487736,3.0409107943006024
COC(=O)[C@]1(NC2CC2)CC[C@H](Sc2ncc(C)cn2)C1,2.09342,0.666413636776,3.806593519405157
COc1ccccc1Nc1nn(CN(C)OC)c(=S)s1,2.87699,0.6486048205439999,2.74473447671012
Cc1cc(C)c(C)c(S(=O)(=O)/N=C(\[O-])c2cc(C3CC3)n(C(C)(C)C)n2)c1C,3.24498,0.57080876993,3.31994832443084
CC(C)(O)C#Cc1ccc(C[NH2+][C@H]2CCCN(c3nc4ccccc4s3)C2)s1,3.2126,0.637363679045,3.9449123249837315
COc1ccc(OC)c(S(=O)(=O)n2cc3c(=O)n(C)c(=O)n(C)c3n2)c1,-0.3121,0.631142580754,2.6057512477054203
C/[NH+]=C(/NCc1noc(C(C)(C)C)n1)N[C@@H](C)c1ccc(F)cc1F,1.1521,0.575694147766,3.7655789677294846
Cc1nnsc1C(=O)Nc1nnc(-c2ccc(Br)cc2)o1,2.91132,0.7596288517280001,2.4095997742783237
CCN(Cc1ccc(OC)c(OC)c1)C(=O)C[NH+]1CC[C@@H](C)[C@H](O)C1,0.3379,0.760425305523,4.184749685707667
O=C([O-])[C@H]1CCCCN1C(=O)CSCc1ccccc1,1.0508,0.824785695936,2.8178026719788125
Cc1cccc([C@H](O)C[C@@H]2CCCCC[NH2+]2)c1,1.92452,0.828368323921,4.0312096692231965
O=C(C1CCCCC1)N1CCN(Cn2cc(Br)cn2)CC1,2.3276,0.836883606101,2.311671110974414
Cc1ccccc1COc1ccc([C@@H]2C3=C(CCCC3=O)Nc3nnnn32)cc1,3.58252,0.718662233822,3.132501567101219
CCO[C@@H]1C[C@@H]([NH+](C)C[C@@H]2CCCN(S(C)(=O)=O)C2)C12CCCCC2,1.3006,0.772202539913,5.0750771702425785
CCn1c(=O)c(=O)[nH]c2cc(C(=O)NN3C(=O)N[C@](C)(c4ccccc4)C3=O)ccc21,0.8217,0.430509876458,2.9620366492981423
COc1cc(OC)cc([C@@H](NC(=O)N(C)C2CCCCC2)c2nccn2C)c1,3.5008,0.806423371553,2.9284140235664413
O=C1[C@H]2[C@@H]3C=C[C@@H](C3)[C@H]2C(=O)N1CN(C(=O)C(F)(F)F)c1cccc(C(F)(F)F)c1,3.3653,0.410344189957,4.594802100832382
CCNc1ncc(COc2cccc3ccccc23)s1,4.3071,0.726552722063,2.0990670339833546
Cc1noc(C)c1CCCNC(=O)c1c(C)nn(Cc2ccccc2)c1C,3.51568,0.634646901291,2.2335709011092764
C[C@H]1CC([NH2+][C@@H](C)c2c[nH]c3cc(F)ccc23)C[C@H](C)O1,2.8874,0.889642806945,4.334335811814563
C/C(=C1/SC(=O)N(c2ccc(Cl)cc2)C1=O)c1ccc(Br)cc1,5.7335,0.58349308769,2.296813571050756
Cc1ccc(NC(=O)C[C@H]2SC([N-]c3ccc(N(C)C)cc3)=NC2=O)c(C)c1,4.40144,0.779281935887,3.627882213215158
CO[C@H]1CCCC[C@H]1NC(=O)NC[C@H](c1cccc(F)c1)[NH+](C)C,1.2681,0.740120341095,4.043243079008988
Cc1nn(C)c(C)c1CN[C@H]1CCC[NH2+]C1,-0.14766,0.77239094016,4.0954669308830765
Cc1cc(=O)[nH]c(SCC(=O)N2C[C@]3(C)C[C@H]2CC(C)(C)C3)n1,2.59762,0.6791437494050001,4.334279950878832
COC1CC[NH+](Cn2nc(-c3ccc(C)cc3)n(C)c2=S)CC1,1.57771,0.8710426326540001,3.6284207197193954
C[NH2+][C@]1(C(=O)[O-])CCC[C@@H](OCC2CCCCC2)C1,0.2078,0.794865506424,4.411583501341485
Cc1nnc(SCC(=O)c2cc(C)n(CC(F)(F)F)c2C)s1,3.80216,0.589916901533,2.5709588200290003
CC(C)CN(CCC#N)C(=O)NC[C@@H]1CC[C@H](C(=O)[O-])O1,-0.13482,0.726075222975,3.8535013901249817
Cc1cc(CN2CCN3C(=O)NC[C@@H]3C2)cc(C)c1OC(F)F,2.11424,0.925736449546,3.1050810650470386
CCNC(=O)c1cccc(NC(=O)NCCCSC)c1,2.3109,0.6770942110959999,1.92108859758924
Cn1c(-c2cccc3ccccc23)nn(CN2CCOCC2)c1=S,3.0609900000000003,0.678597899588,2.324814562231776
CCCCCN1C(=O)/C(=C/c2ccc(O)c(OCC)c2)SC1=S,4.1823,0.435781495788,2.2191215037430645
N#CCCN(Cc1ccccc1)C(=S)NC(=O)c1cccc(Cl)c1,3.77058,0.802926830483,2.1087565596461246
CCCS(=O)(=O)c1ccccc1C(=O)Nc1nnc(CC)s1,2.5365,0.871865219511,2.2278532436936924
CNC(=O)[C@H](C)CN(C)Cc1cc(=O)n2cccc(C)c2[nH+]1,0.23592,0.880916786852,4.0697818127215
COCCNC(=O)/C(C#N)=C/c1cccc(O)c1,1.06178,0.468378753936,2.2131286567611457
CNC(=O)CN1c2ccccc2C(=O)N(C)[C@H]1c1ccccc1O,1.729,0.908245275906,2.8569643479288938
CC(=O)N[C@H](C)C(=O)Nc1ccc(Sc2nncs2)c(Cl)c1,2.8058,0.854635207724,2.8845179791779945
CC[n+]1c(N)n(CCOc2ccc(Cl)cc2Cl)c2ccccc21,3.9167,0.684849729525,2.4269984711986847
COC(=O)CCCc1nnc(NC(=O)N2CCC[C@@H]3CCC[C@@H]32)s1,2.8302,0.8181840852310001,3.1647110630332964
O=C(N[C@H]1CCCC[C@H]1OC1CCCC1)c1ccc([N+](=O)[O-])cc1,3.595,0.643165798902,2.9133050429664067
O=C(CCOc1ccccc1)NNC(=O)CC1(O)CCCC1,1.2981,0.6991617997,2.236204675868075
C=CCN(CC(=O)[O-])C(=O)[C@@H](C[NH3+])C(C)C,-1.735,0.557081917218,4.421406893359624
O=C(CCn1ccccc1=O)NCC1(c2ccccc2)CC1,2.0864,0.890855879594,2.1689783022417033
COc1cc(C)c([C@@H](C)NC(=O)CSC2CCCC2)cc1OC,3.86522,0.794186311011,2.677682747739345
C=CCNC(=O)Nc1ccc(F)c(NC(=O)OC)c1,2.3115,0.733370458684,2.072317582577771
Oc1ccccc1/C=[NH+]/CCC/[NH+]=C/c1ccccc1O,-0.8129,0.433053706174,3.975631514505309
Cn1cccc1Cc1nnc(SCC(=O)Nc2ccc3c(c2)OCCO3)n1C,2.2464,0.641868066317,2.4837545532096708
C[C@@H](C#N)CNC(=O)c1cccc(Oc2cccc(C(F)(F)F)c2)c1,4.38718,0.8347256828659999,2.5722472836846286
Cc1oc(-c2ccccc2)nc1CCNC(=O)c1ccc([S@@](C)=O)cc1,3.35992,0.710418626162,2.673271021921481
CCc1noc(C)c1C[NH+](C[C@@H]1CCCCO1)C(C)C,1.90782,0.870826552747,4.340261159069213
Cc1ccccc1Oc1cc(Br)ccc1C[NH3+],3.29172,0.910068039442,2.534873312609788
CCc1cccc(CC)c1NC(=O)NC1CC1,3.0953,0.8122790566179999,1.8968590531989842
CC[NH+]1CCN(C2(CNC(=O)c3ccccc3Br)CCCCC2)CC1,2.1022,0.785010855528,3.420207005407412
CCCCn1nc(C)c(C[NH2+]C[C@@H](C)O)c1Cl,1.08922,0.781437246206,4.045169652759915
C/C=C/C=C/C(=O)N1C[C@@H](C(=O)OC)[C@@H](C)C1,1.3862,0.427604509371,3.575393670315272
COc1cccc(OC)c1OC1CC[NH+](Cc2ccc([C@H]3C[C@@H]3C)o2)CC1,3.0465,0.802222809554,4.1694478989423684
COC(=O)c1cc(CSc2nnc(-c3cccnc3)n2-c2ccccc2F)oc1C,4.44872,0.319586376396,2.452882619500265
CCOc1ccc2cc(C(=O)NCc3ccccc3)c(=[NH2+])oc2c1,1.4213,0.753079314971,2.4263605631873433
O[C@H]1CCN(c2ccnc(N3CCc4[nH]c5ccc(Cl)cc5c4C3)n2)C1,2.745,0.722794424305,3.067753410585448
O=S(=O)(NC[C@H](O)c1ccc(C(F)(F)F)cc1)c1cc(F)ccc1F,2.9955,0.774916608906,2.6287683139846347
O=C(CSc1ccc2c(c1)OCCCO2)NC(=O)c1cccs1,2.9581,0.851820097263,2.293940461837209
C[NH+](C)CCSc1ccc(NC(=O)C2CC2)nn1,0.0617,0.7355170368520001,3.4441071182996077
Cc1ccc(C)c(NC(=S)NCCc2cccs2)c1,3.89404,0.807970088875,1.9718412512168264
CNc1ncc(F)c(-c2cccc(Cl)c2)n1,2.9778,0.864087474241,2.1459977061175617
Cc1ccc(-c2nnc(SCC(=O)Nc3ccc(CC#N)cc3)n2N)cc1,2.7642,0.501259799046,2.1729523354643963
CCN(CC)C(=O)c1ccccc1OC(C)=O,2.0939,0.595178867259,1.8083812975596203
Cc1ccc(-c2nc(-c3ccc(OCC(F)(F)F)nc3)no2)cc1,4.04812,0.6935576695810001,2.2334961524063086
COc1ccc([C@@H](CNc2nc3ccccc3o2)N2CCOCC2)cc1,3.3218,0.720401046652,2.689830662281123
CNC(=O)[C@H]1CCCC[C@H]1[NH2+][C@H](C)c1cc(C)cc(C)c1,2.23264,0.879252149885,4.140764881634283
CCN[C@H](c1cccnc1)C1([NH+]2CCCCC2)CCCC1,2.1138,0.8722677455419999,4.337441232294456
Cn1ncc2c(NCc3ccco3)nc(CCc3ccccc3)nc21,3.3536,0.574896130359,2.3254518598772678
Cn1cc[nH+]c1C[C@H]1CCC[NH+](Cc2ncc(-c3ccccc3Cl)o2)C1,2.1852,0.748239705513,5.02682997170708
Cc1cc(N2CC[C@H](C)[C@H](O)C2)nc(C)[nH+]1,0.71964,0.774573740221,4.42562930356157
Cc1nnc(CCC[NH+]2CCC(CC[NH+]3CCCC[C@@H]3C)CC2)o1,0.45292,0.77605202386,5.517545530305156
CCc1nn(C)cc1CNC(=O)C1(CC)CCC1,2.1790000000000003,0.8718460318950001,2.70713693305628
COc1ccc(N2/C(=N/C(=O)CCCC(=O)[O-])S[C@@H]3CS(=O)(=O)C[C@H]32)cc1Cl,0.8702,0.6425983671509999,3.8184875237250533
CC(=O)C1=C([O-])C(=O)N(CCC2=c3ccccc3=[NH+][C@H]2C)[C@H]1c1ccccc1F,-0.7443,0.761011252823,4.352506316945032
COc1cc(C)c(C(=O)N[C@H]2C[C@H](C)N(c3ccccc3)C2)cc1OC,3.40942,0.875962795028,2.8258150834590623
Cc1ccc([C@H]2C[C@@H]2NC(=O)N2CCC(C(N)=O)CC2)cc1C,2.06624,0.899642351589,2.95101319297029
Cc1nc2n(n1)CCC[C@@H]2N[C@@H]1CCc2c(Cl)cc(Cl)cc21,4.005319999999998,0.8686216560719999,3.706106632952444
CC(C)Oc1ccc(-c2nc(C(=O)O[C@@H](C)[C@@H]3CCOC3)cs2)cc1,4.1791,0.6943174883230001,3.199561705875156
CN(C[C@@H]1CCCN(C(=O)NCCc2ccc(F)cc2)C1)C(=O)OC(C)(C)C,3.6567,0.808395089879,2.6902053208767267
COc1cc(Cl)c(C)cc1NC(=O)[C@H](C)N1CCN(S(=O)(=O)c2c(C)noc2C)CC1,2.59536,0.6894020264380001,2.8160260052909862
Cc1nc(-c2ccc(Cl)s2)sc1C(=O)N[C@H]1C[C@H]1C,3.97162,0.899140892757,3.169026302130441
COc1cc(F)c([C@H]([NH3+])c2ccc(SC)cc2)cc1OC,2.8961,0.85693276783,3.115957566683093
Cc1ccc(-n2ccnc2SCC(=O)N(CC(N)=O)C(C)C)cc1C,2.3035400000000004,0.76961328634,2.4249446750906696
Cc1cccc(/C=C2\SC(=S)N(c3c(C)cccc3C)C2=O)c1,5.01766,0.542565168502,2.213178474896912
CC1=C(C(=O)OC(C)C)[C@H](C)N=C1C(=O)Nc1ncc(C)s1,2.50122,0.863017780105,3.4800801438818647
COC(=O)c1cccc(C(=O)N2C[C@@H](c3ccc(F)cc3)C[C@H]2C)c1,3.6305,0.780318955007,2.775719347107163
O=C(NCCCn1ncccc1=O)[C@@H]1CC(=O)N(c2ccccc2)C1,0.8027,0.8014383521430001,2.5633639224806157
CCC(=O)N1CCCN(C(=O)N[C@@H]2CCc3ccccc32)CC1,2.3278,0.911648805943,2.5427547320050814
Cc1cccc([C@@H](C)[NH2+]CCS(=O)(=O)C(C)(C)C)c1C,2.14114,0.908490320448,3.7798357302161207
Cc1ccc(-c2cnc(CCC(=O)NCC(C)(C)c3ccncc3)o2)cc1,4.0716199999999985,0.661570248236,2.365284403396464
Cc1cc(NN)c2cccc(OC(F)(F)F)c2[nH+]1,2.14652,0.642800286574,3.556977121439324
C[C@H]1CCC[C@@H](C(=O)Nc2cccc(OCCc3ccccc3)c2)[NH2+]1,2.7510000000000003,0.8456035139939999,3.4354351441867967
Cn1ncnc1CCNC(=O)[C@H]1C[C@@H]1c1cc(Cl)cc(Cl)c1,2.5843,0.908625093369,3.221073878610012
CC[C@H](Sc1nnc2cc(C)c3cc(C)cc(C)c3n12)C(=O)Nc1nnc(COC)s1,4.31506,0.396855767302,3.2949903288984146
CCOc1ccc(S(=O)(=O)N2CCC(c3nnc(C4CC4)o3)CC2)cc1,2.914,0.76278951293,2.2951658720000427
Cc1cc2nc(C)c(CCC(=O)NC[C@@H](c3ccccc3)N3CCOCC3)c(C)n2n1,2.77686,0.631488314864,2.891794155679923
COc1ccc(N2C(=O)CS[C@H]2c2ccc(Cl)cc2)cc1Cl,4.7806,0.759471332311,2.5545656340614507
C/C=C(\C)[C@@H]1C=C[C@@H]2C[C@H](C)C[C@H](C)[C@@H]2[C@@H]1C(=O)C1=C([O-])[C@H](C[C@](C)(O)C(=O)[O-])NC1=O,0.6261,0.465834039612,5.692540782615093
CS(=O)(=O)c1ccc(NC(=O)N2CCC[C@H]2CC2CCCCC2)cc1,4.0568,0.844009546237,2.6247166039540737
COc1ccc(C(=O)OCc2nc3ccccc3s2)cn1,3.0569,0.68493441708,2.072266571251843
COc1ccc(S(=O)(=O)Nc2ccccc2-n2nc(C)cc2C)cc1NC(C)=O,3.25694,0.634048989936,2.1756056907519934
Cn1c(=O)n(CC(=O)N[C@@H]2CCCc3ccc(F)cc32)c2ccccc21,2.6729,0.7839293728229999,2.671452310902769
N#C/C(C(=O)NC1CCCC1)=C(/[O-])Cc1cnn(-c2ccccc2)c1,1.61158,0.514608863931,2.8438723900227973
NC(=O)[C@H](Nc1cccc(Oc2ccccc2)c1)c1ccc(F)cc1,4.2565,0.678244540677,2.314629307096002
CCN(C[C@@H]1CCOC1)C(=O)Nc1cc2c(cc1Cl)OCCO2,3.0015,0.905454499652,2.890700186550536
CCCCc1nnc(NC(=O)C2CCN(S(=O)(=O)c3ccc(C)cc3)CC2)s1,3.22852,0.72795105885,2.1781405534260507
CC[C@@H](NC(=O)c1ccc(Br)o1)C(=O)N1CCOCC1,1.4093,0.905091428467,2.7068177674096976
CC[C@]1(c2ccccc2)NC(=O)N(CCOc2ccc(Cl)cc2Cl)C1=O,4.2295,0.7177757233069999,2.6142257110679523
COc1ccc(OC)c(NC(=O)c2ccc3c(c2)C(=O)N(c2cc(C)on2)C3=O)c1,3.0531200000000003,0.639754305252,2.2581163404304974
Cc1ccc(OCC(=O)NC(=S)NC[C@H]2CCCO2)cc1,1.54352,0.815752379804,2.471810537505375
CN(C(=O)CCOc1cccc(C(N)=O)c1)[C@H]1CCC[NH+](C)C1,-0.3101,0.781361279164,3.920975212201059
COC(=O)c1ccc(NC(=O)c2c(C)sc3ncnc(N4CCC[C@H](C)C4)c23)cc1,4.27492,0.603970998591,2.8427901353317573
Cn1ncc2c1CC/C(=C\c1ccc(-n3cncn3)c(F)c1)C2=O,2.3524,0.679785178559,2.7981117337559045
O=C(Cc1ccc([N+](=O)[O-])cc1)NCC1(O)CCOCC1,0.795,0.627478417747,2.29793175602539
C=CCOc1ccc(CNc2ccc(OC)cc2)cc1,3.8721,0.7489757241539999,1.6899972277521798
C[C@H]1N=C(CCNC(=O)CCC2=c3ccccc3=[NH+]C2)CS1,-0.6286,0.7654386981119999,4.495171860798424
COC(=O)c1cc(NC(=O)[C@@H]2CCO[C@H]2C)ccc1C,2.14512,0.8627686280679999,2.9585997704578237
COc1ccccc1[C@@H](C)NC(=O)c1cnc2c(C)cccn2c1=O,2.50252,0.792866996564,2.5753241972058927
CC[C@@H](C)NS(=O)(=O)c1cc(N2C(=O)[C@@H](C)CS2(=O)=O)ccc1OC,1.0845,0.788742947931,3.276728218236036
CC(C)(C)NS(=O)(=O)c1ccc(OCC(=O)N2CCOCC2)cc1,1.001,0.862769398055,2.068895741052956
COCCCNC(=O)[C@H]1CN(C(=O)c2cccs2)CC12CCCCC2,2.9233,0.782882554085,3.501016993399974
Cc1nc(-n2cccc2)sc1C(=O)Nc1cccc(-c2cn3ccsc3n2)c1,4.87072,0.443746830322,2.617988595319323
CC[S@](=O)[C@H]1CCCC[C@@H]1NC(=O)NC[C@H](O)c1ccco1,1.692,0.746849311287,3.9318644550018895
Cc1cc2ncn(C[C@H]3CC3(Cl)Cl)c2cc1C,3.84694,0.7332046057639999,3.09974824807764
Cc1ccccc1OCC(=O)O[C@@H](C)c1nccs1,3.13472,0.7772178560690001,2.6331750913669527
C[C@H](C(=O)N1CCOCC1)[NH+]1CCN(Cc2ccc3c(c2)OCO3)CC1,-0.6369,0.8054787229960001,3.7168993620024526
CCN(C(=O)[C@@H]1Cc2ccccc2S1)[C@H]1CCC[C@@H]1C[NH3+],1.9625,0.92933085638,4.13438514688627
Cc1cc(Br)ccc1NC(=O)[C@@H](C)[NH+](C)Cc1cccs1,2.86092,0.8299919494310001,3.788040158797324
COC(=O)[C@H]1CCC[C@H]1NC(=O)Nc1ccc(C)cc1C,2.76664,0.836364739171,2.753097453227033
CC(C)NS(=O)(=O)c1ccc(C(=O)N[C@H](C)c2ccccc2Br)cc1,3.6268,0.723313348839,2.3861029496299384
CC(C)OCCN1CCN(C(=O)Nc2ccccc2C(F)(F)F)CC1,3.2799,0.862762711906,2.14484320942079
CCn1cc(-c2nc(-c3cccc(Cl)c3)no2)c(=O)c2ccccc21,4.3918,0.525491603736,2.19866277463818
COC[C@@H](C)NC(=O)C(=O)Nc1cc(-c2ccccc2)nn1C(C)C,2.2206,0.789116831727,2.80281584555754
C#CCOc1ccccc1CN1CCN(C2=[NH+]C[C@@H](C)S2)CC1,0.3881,0.826760969956,3.7446290666256825
COCCNC(=O)[C@H]1CCCN1S(=O)(=O)c1ccc(Br)cc1,1.3648,0.75165875121,2.444911674007754
Cc1ccc(C[C@H](O)c2c(F)cc(Br)cc2F)cc1,4.31182,0.853642515658,2.525588996692397
COC(=O)[C@@]1(NC2CCCC2)CCCS[C@H]1C,2.3459,0.7885241824770001,3.7299498576062415
CCC[NH2+][C@H](Cc1ccccc1)[C@@H]1CN(CC)CCO1,1.2918,0.8229071456129999,3.890538593703543
C=CCn1c(=O)c2c(nc3n2[C@H](C)C(C)=NN3C)n(C)c1=O,0.4694,0.771149707401,3.504362542838841
C[C@H]1CCCC[C@H]1NC(=O)c1cc(S(=O)(=O)N2CCOCC2)ccc1Cl,2.6694,0.839236180894,2.8194249886223943
COCCn1ccc2ccc(NC(=O)NCCc3ccccn3)cc21,3.0469,0.6877047159020001,2.2016735754811734
Cc1nc(CNC(=O)C(=O)Nc2cc(Cl)ccc2Cl)no1,1.93972,0.84375711037,2.235174124410948
CS[C@@H]1CC[C@H](NC(=O)CCC(=O)c2ccc(C)s2)C1,3.41972,0.8021670370909999,3.2865663788494306
Cc1nc(/C=N/Nc2ccc(Cl)nn2)c[nH]1,1.60752,0.6323674721,3.292742455281441
O=C(CSc1nnnn1C1CC1)N[C@H](CO)C(=O)[O-],-2.6729,0.545441212014,3.3040650321953557
O=C(COc1ccc(Br)cc1)N[C@H]1CCS(=O)(=O)C1,1.1312,0.896944736901,2.4714434513088968
CCc1nnc(NC(=O)c2ccccc2N)s1,1.935,0.817911252866,2.000431966455942
O=C([O-])c1ccccc1-c1ccc(/C=C2\C(=O)N(c3cccc(Br)c3)C(=O)N=C2[O-])o1,2.3816,0.529639095629,3.228896276546694
COc1ccc(-c2csc(NC(=O)c3ccc(S(C)(=O)=O)cc3)n2)cc1OC,3.4831,0.644035838717,1.9639252961419515
COc1ccc(Cn2ccc3nc(N4CCN(c5ccccc5)CC4)ncc3c2=O)cc1,3.175,0.480579253112,2.2140514314303084
Cc1nn(C)cc1/C=N/NC(=O)c1ccncc1,0.8874200000000001,0.652189010149,2.352776511964766
N#Cc1ccc(OC2CCC(NC(=O)c3ccc[nH]3)CC2)nc1,2.40138,0.907163732834,2.5670548131575317
CC(C)c1ccc2oc(-c3ccc(C[NH3+])cc3)nc2c1,3.3601,0.775810924253,2.5713020302092517
COc1ccc([C@@H]2NC(=O)N[C@@](O)(C(F)(F)F)[C@H]2C(=O)c2ccc(F)cc2)cc1OC,2.9468,0.48438864997,3.4104235817048507
Cc1cc(NC(=O)c2cccc([N+](=O)[O-])c2C)n(-c2ccccc2F)n1,3.78874,0.552881344667,2.150125643309813
CCC(=O)N1CCCC[C@@H]1C(=O)NCCc1ccc(F)cc1C,2.58392,0.904132335762,2.5074962092778077
Cc1ccc(S(=O)(=O)N2C(N)=C(C#N)[C@H](c3ccc(Cl)cc3)[C@H]2C(=O)c2ccccc2)cc1,4.3819,0.525560380884,3.189180174006616
C[NH+](C)[C@@H]1CC[C@H](NC(=O)[C@@H]2CCCc3[nH]ncc32)C1,0.0114,0.749576881426,4.7749883339912875
CCOCCS(=O)(=O)[N-]c1cc(Br)ccc1O,2.5262,0.8148922779340001,3.527959223981024
NC1=NC(=O)[C@H](CC(=O)N2CC[C@H](c3ccccc3)C2)S1,1.3493,0.924262011681,3.0772330500440104
Cc1noc(-c2cccnc2N2CC[C@H](NC(=O)COc3ccc(F)cc3)C2)n1,2.35302,0.683033837226,2.7979174429900344
Cc1ccc(OC(=O)c2cccc(C(=O)Oc3ccc(C)cn3)n2)nc1,2.9268400000000003,0.662866388195,2.4961615060956763
CN(CC1CCCC1)C(=O)C(=O)Nc1cccc(SC(F)F)c1,3.5884,0.6407834310189999,2.4298102056661417
COc1cccnc1N(C)C(=O)C[C@H](C)Cc1ccc(Cl)cc1,3.9753,0.7754176526090001,2.745273613123961
O=C(c1cc(=O)[nH]c2ccccc12)N1CCC([C@H](O)c2ccccc2)CC1,3.1139,0.7421307440739999,2.5871361333490963
CCO[C@@H]1C[C@@H]([NH3+])[C@@H]1Nc1ncc(Cl)cc1F,1.0739,0.862902904948,4.350345064104806
CC(=O)Nc1ccc(NC(=O)c2ccc3c(c2)Cc2ccccc2-3)cc1,4.4685,0.5520397132320001,1.8359027202328908
COCCOC[C@H]1CC[NH+](C2C[C@@H](C)O[C@H](C)C2)C1,0.5102,0.729500128645,5.032776641835928
O=C1OC(c2ccccc2OC(F)F)=N/C1=C\c1cccc(F)c1,3.7716,0.6132737722680001,2.3507730754832306
COc1ccccc1CNC(=O)c1cc2sccc2n1Cc1cccc(F)c1,4.8288,0.486806771135,2.1647596814148
CCOC(=O)C1(NCc2nnc(-c3cc(C)oc3C)o2)CCCC1,2.91194,0.8058225859839999,2.805358595845222
N#Cc1cccc(NC(=O)N2CCC(NC(=O)CC3CCCC3)CC2)c1,3.25108,0.856114504593,2.181004258694431
CCOC(=O)C1=C(c2ccccc2)Nc2ncnn2[C@H]1c1ccc(SC)cc1,3.9893,0.504702574363,3.1899516412230486
Cc1cc(NC(=O)N[C@@H](Cc2ccccc2)c2ccccc2F)n(C)n1,3.97312,0.704491640385,2.6090641612146204
C[C@H](Sc1cccc[n+]1[O-])C(=O)NC[C@H]1COc2ccccc2O1,1.7568,0.510990856715,3.2939297921302875
O=C(NCCOc1ccc2c(c1)OCO2)c1cc(C2CC2)on1,2.0895,0.825155887356,2.337504181699437
N#CCC[NH2+]C1(C(=O)[O-])CC1,-2.25402,0.492278168793,5.046667710302534
CC[C@@H](Oc1ccccc1OC)C(=O)NCc1ccccn1,2.564,0.8516271340360001,2.3676220325017194
Cc1nc(C[C@@H](N)[C@]2([NH+](C)C)CCC[C@H](C)C2)cs1,1.41472,0.885990348925,4.713969878262642
CCOc1ccccc1/C=C1\Oc2c(ccc([O-])c2C[NH+]2CCN(C)CC2)C1=O,1.1054,0.7799558512579999,3.810429333013348
CC(C)Cn1cc[nH+]c1CN[C@@H](c1ccccc1)C(C)C,3.4451,0.8127427435969999,3.6965216587570033
Cc1c(C[NH+]2CCC[C@H]2c2ccc3c(c2)OCO3)cc(C#N)n1C,1.8539,0.943562640709,4.495667584772428
O=C(CBr)c1cnc2ccc(Cl)cn12,2.5653,0.621065437822,2.688990644863736
COc1ccc(F)cc1NC(=O)c1sccc1S(=O)(=O)N(C)C,2.3984,0.8907665704709999,2.1184457283088225
COc1ccc(Br)cc1/C=C1/C(=O)NN(c2ccc(C)c(C)c2)C1=O,3.53594,0.617708881773,2.3133509017284797
CC(C)(C)c1ccc(C(=O)N[C@H]2CCN3CCCc4cccc2c43)cc1,4.6115,0.821299679271,2.6341219574724164
CC[NH+]1CCC[C@@]2(CC1)C[NH+]=C(N)N2c1ccc(C)cc1,-0.96218,0.688940368836,5.574310736347983
CN(C)c1ccc(/C=C(/C#N)C(=O)c2cccc(C#N)c2)cc1,3.41416,0.482810092708,2.28248063835845
CCCC[C@@H](NC(N)=O)C(=O)Nc1cc(OC)ccc1F,1.9999,0.721908387349,2.367466529408208
COC1=CC2=NC(SCc3cc(-c4ccccc4)on3)=NC2=CC1,4.2033,0.805408972166,3.3599300954309714
Cc1ccc([C@@](C)(O)CNC(=O)NC[C@@H](c2ccco2)[NH+]2CCCCC2)o1,1.4978200000000002,0.594984817159,4.624491854986326
C[C@@H](NC(=O)CSc1ccc2c(c1)OCCCO2)c1ccc2ccccc2c1,4.9706,0.59565157841,2.6072402591092256
CCN1CCN(S(=O)(=O)c2cc(-c3csc(C)n3)ccc2C)CC1,2.75314,0.8314505319169999,2.1766798763206734
Cc1nccn1Cc1ccc(NC(=O)c2cccc(-n3cccc3)c2)cc1,4.28282,0.556334431995,2.125334335742597
Cc1cccc([S@@](=O)Cc2ccc(N)c(F)c2)c1,3.02412,0.855524842102,2.783712035372812
CC(C)C[C@@H](C[NH3+])c1nc(C2CCOCC2)no1,1.3352,0.869360962291,3.7722687231556176
CC1=NC(SCC(=O)Nc2ccccc2C(F)(F)F)=NC(=O)[C@H]1Cc1ccccc1,4.5931,0.7165600869519999,3.1296809498113967
Cc1ccc(F)cc1NC(=O)C(=O)NCCCn1cc[nH+]c1,0.8947200000000001,0.6453539639060001,3.111373977534151
COc1cccc(C[NH2+]Cc2cccc(Br)c2OC)c1OC,2.7385,0.814441847232,2.9736494117773264
Nc1cc(=O)[nH]c(SCC(=O)Nc2nc(-c3ccc(Br)cc3)cs2)n1,2.9689,0.413006961511,2.476458820141973
CCc1noc(CN(CC)C(=O)C(C)(C)NC(=O)c2cccs2)n1,2.2506,0.829138736132,2.7137509858082005
CC(C)C[C@](C)(O)CNC(=O)CC[C@H](C)O,1.0607,0.621705526811,3.1870203064611102
C=C[C@@H](C)NC(=O)c1c(C)cc(C)c([N+](=O)[O-])c1C,2.82436,0.511419571126,3.2779808998441897
O=C(Nc1ccc(S(=O)(=O)NC[C@@H]2CCCO2)cc1)[C@H]1CC(=O)N(c2ccc(F)c(Cl)c2)C1,2.928,0.608792008753,3.037905214464056
CC1(C)CCC[C@H]1N1C(=O)c2cccc(N)c2C1=O,2.4435,0.621111214203,3.1101416594142908
CCCNC(=O)NC(=O)CN1C(=O)N[C@](Cc2ccccc2)(c2ccccc2)C1=O,1.9122,0.612078590776,2.687558461123613
O=C(COc1cc(Cl)c(Cl)cc1Cl)N1CCN(C(=O)Nc2ccccc2)CC1,4.4019,0.6834553253300001,2.0038910889664603
CCc1nc2n(n1)C[C@H]([NH2+]CCNS(=O)(=O)c1ccccc1)CC2,-0.3028,0.693996542782,3.8648228314311166
CCCCN(C(=O)c1oc2ccccc2c1C)c1c(N)n(CCC)c(=O)[nH]c1=O,3.03032,0.627812913676,2.52263184459815
CCCn1c(S[C@H](C(N)=O)c2ccccc2)nc2sc(CC)cc2c1=O,3.7491,0.480270378204,2.8603496309836505
COc1cccc(CCNC(=O)CN2CCN(c3ccccc3O)CC2)c1,1.8817,0.785153721999,1.9251383878735242
c1ccc2c(NCc3nnc(C4CCC4)o3)cccc2c1,4.1024,0.751407099761,2.1374312134842786
CC1=C(C(=O)C2=C([O-])C(=O)N(CC[NH+](C)C)[C@H]2c2cccc(Cl)c2)[C@H](C)N=N1,0.6796,0.771738158734,4.783832520833207
CCOc1ccc([C@@H]2Nc3ccc(C(=O)N(C)C)cc3[C@H]3C=CC[C@H]32)cc1,4.6136,0.7718027456730001,3.285554081698717
COc1ccc(Cc2sc(NC(=O)[C@H]3COc4ccccc4O3)nc2C)cc1,3.82942,0.6877411401279999,2.719348222419628
Cc1cnc2nc(C[C@H](O)C(F)(F)F)[nH]c2c1,1.73202,0.8530536034999999,3.2814880474087453
CCN(CC(C)(C)O)C(=O)COCc1ccccc1Cl,2.476,0.8406386756149999,2.3366209235965663
O=C(Nc1cccc2ccccc12)NC1CC[NH+](CC(F)F)CC1,2.2737,0.790739314139,3.2772328039900174
O=C1C(=O)N(CC[NH+]2CCOCC2)[C@@H](c2cccc([N+](=O)[O-])c2)/C1=C(\O)c1cccs1,0.9931,0.229061151563,3.9794957605357433
CC[C@@H](C)N(CC)C(=O)c1ccccc1N,2.5294,0.791203587866,2.4501613852659023
Cc1cc(C)c(C(=O)Cn2nc(N)n(Nc3cccs3)c2=S)c(C)c1,3.74115,0.510936181126,3.0043542462100863
C[C@H]1CN(C(=O)CC[C@H](C)c2ccccc2)C(C)(C)CO1,3.5962,0.8261693921709999,3.250651829884857
CN(C)c1nc2c(c(-c3ccc(S(C)(=O)=O)cc3)n1)CCCC2,2.4919,0.8636088125139999,2.347343378743064
CC(C)c1ccc(CNC(N)=[NH2+])cc1,-0.0266,0.478727453217,2.5101473873115734
CN(C)N1C(N)=C(C#N)[C@@H](c2cccs2)C2=C1CCCC2=O,2.32488,0.907874698622,3.400439290653404
O=C(N[C@H]1C=C[C@H](C(=O)[O-])C1)c1cc(F)c(Cl)cc1Cl,1.5569,0.685526239471,3.783245225003277
CC(C)n1nnnc1COc1cccc(C(=O)NC2CCCCCC2)c1,3.2856,0.788740417999,2.235103951002124
O=S(=O)(NCc1ccc(Cl)cc1Cl)c1ccccc1Br,4.2344,0.808684671537,1.9203253058809475
COC[C@H](NC(=O)c1cc(-c2ccccc2)c(C)[nH]c1=O)C(N)=O,0.5804199999999999,0.732605291566,2.7060953154688168
O[C@H]1CCCCC[C@H]1n1cc(-c2ccccc2Cl)cn1,4.0696,0.815571023597,2.965832758159776
CC1=C[C@@H](C)[C@H]2C(=O)N([C@H](Cc3ccccc3)C(=O)[O-])C(=O)[C@H]2C1,0.9349,0.618192455785,3.8845528099937368
CCCCNS(=O)(=O)Cc1ccc([N+](=O)[O-])cc1,1.8143,0.46869011479,1.985738188943248
COc1ccc(CC[C@H]2C[C@@H](C(C)(C)C)CCC2=O)cc1,4.6593,0.769500993773,2.916252890892816
C[C@H]1CN(CC(=O)Nc2nc(-c3ccccc3Cl)cs2)CCO1,3.1227,0.907059028875,2.5768120746624223
Cc1cc(Cl)cc(Cl)c1CNC(=O)c1cccs1,4.29332,0.862662558472,2.076973887530377
CC(C)(C)OC(=O)NC1CCN(CC(=O)c2nccs2)CC1,2.3149,0.861518290634,2.4661342020795693
COc1ccc(C)cc1[C@@H](C)NC[C@@H]1CN(C2CC2)CCO1,2.51742,0.874207962487,3.002932191265097
CCOC(=O)c1ccn(-c2cccc(NC(=O)C3CCCC3)c2)n1,3.1777,0.8437916345440001,2.067630797301055
O=C1N(C[NH+]2CCN(c3ccccc3)CC2)c2ccccc2C12O[C@@H]1CCCC[C@H]1O2,1.9066,0.829192003105,4.606909949952995
CC(C)c1nc(C(=O)[O-])nn1-c1ccccc1F,0.8933,0.8207621810060001,2.7741918781112247
C1=C[C@H]2C[C@@H]1C[C@H]2CN1CC[NH+](C2CCCCCC2)CC1,2.1219,0.6199746947479999,5.465162708366242
CC(C)C[C@H](C[NH+](C)C)Nc1ncncc1N,0.0299,0.672337114543,4.173984034030818
O=C1C=C(c2cccs2)C[C@H](c2cccs2)[C@@H]1n1cnc([N+](=O)[O-])n1,3.6906,0.500273273072,3.932051819634636
C[NH2+]C1CCC([NH+](C)CC(=O)N[C@H](C)c2ccco2)CC1,-0.5241,0.687404615725,5.123883741047921
CC(C)c1nc2n(n1)CCC[C@H]2[NH2+]C[C@@H]1CCC[C@H](C)C1,2.6261,0.923802010573,4.604402069963196
CCCOC(=O)c1ccc(NC(=O)c2ccc[n+]([O-])c2)cc1,2.1391,0.52267912904,2.128647674804622
CCOc1cc(CO)cc(Br)c1OCc1ccccc1F,4.0582,0.8184080112980001,1.9863181967033563
O=C(Cn1nnn(-c2cccs2)c1=O)NC[C@@H]1CN(Cc2ccccc2)CCO1,0.5077,0.617565804177,2.9987412051102678
CC(C)[C@H](O)CCNC(=O)C(=O)Nc1ccn(-c2ncccc2Cl)n1,1.3824,0.677071503801,3.0523596582665693
Cc1cccc(C(=O)NCCS(=O)(=O)NCC2CCC2)c1C,1.7527400000000002,0.808223147236,2.134264895648297
CCCC(=O)N1CCC(C(=O)NN=C(c2ccccc2)c2ccccc2)CC1,3.5939,0.602198074155,2.101554553209672
O=C(N[C@H](NC(=S)Nc1ccccc1)C(Cl)(Cl)Cl)c1cccc(Br)c1,4.8618,0.317246172198,2.640988420808375
CCN(Cc1ccccc1)C(=O)c1cc(NC(=O)Cc2ccccc2)n(C)n1,3.2636,0.676851273038,2.084498313893432
CC(C)CC(=O)N1CCN(C(=O)c2cnc3c(c2)NC(=O)CO3)CC1,0.743,0.886386873118,2.5300274999129058
O=C(Cc1csc(NC(=O)Nc2ccc(Cl)cc2)n1)NCCc1ccc(Cl)cc1,4.9953,0.455245937086,2.026158897424841
Cc1ccc2c(c1)C[C@@H](C[C@@H](C[NH3+])c1ccc(F)cc1)O2,2.8534200000000003,0.914895000568,3.4549007423517013
CC1=C(C(=O)OC(C)C)[C@@H](c2ccc(C)s2)NC(=O)N1C,2.97822,0.8647339712630001,3.0729043836592203
COc1cc(F)c([N+](=O)[O-])c(NC[C@@H](O)c2cnn(C)c2)c1,1.6215,0.62601817718,3.0675118127215004
COc1ccc(C(=O)N2CCC([C@@]3(C)NC(=O)N(C4Cc5ccccc5C4)C3=O)CC2)cc1,3.0253,0.7231579180850001,2.9584804501963635
CCc1cnc(NC(=O)c2cc(C)n(C(C)C)c2C)s1,3.95704,0.8948134210200002,2.3868055389811804
COc1ccccc1-c1nc(C[NH+](C)Cc2ccc(C#N)cc2)cs1,2.90528,0.7374021389380001,3.4584350763267717
COc1ccc(-c2noc(-c3cc(-c4ccc(Cl)cc4)n[nH]3)n2)cc1OC,4.4643,0.524164894859,2.227018269530328
CC[C@H](NC(=O)CN1C(=O)c2ccccc2N2C(=O)CC[C@]12C)c1ccc(C)cc1,3.56132,0.806992982699,3.158618846965415
Cc1ccc(CNC(=O)NCc2ccnc(OC(C)(C)C)c2)cn1,2.96172,0.876120781865,2.336693883209305
CCN(CCO)C(=O)Nc1cccc(C(=O)Nc2cccc(C#N)c2)c1,2.65668,0.7402113130239999,2.0588604694425867
Cc1cccc(-c2nn(C[NH+]3CCCCC3)c(=S)n2-c2ccccc2)c1,3.40501,0.70327560036,3.298388801204552
C[NH2+][C@@H](C1CCCC1)[C@@H]1CCc2cccnc21,1.8634,0.8506612887620001,4.071947088375473
Cc1ccc(-c2cccc(F)c2C(=O)[O-])c(C)c1,2.47304,0.811896288838,2.3159209204974083
CN(C)C(=O)[C@@H](Sc1nnc2n(C)c3ccccc3n12)c1ccccc1,3.1426,0.5144270754110001,2.8336394210898788
Cc1ccc(C(=O)NNC(=O)c2ccc(SC[C@H]3CCCO3)c([N+](=O)[O-])c2)cc1,3.24912,0.41881019071,2.7119768104518407
CCCn1/c(=N/C(=O)[C@@H](CCSC)NC(N)=O)[nH]c2ccccc21,1.5967,0.712940895419,3.4101615924753936
Cn1/c(=N/C(=O)c2sccc2S(=O)(=O)N2CCOCC2)sc2ccccc21,2.0633,0.648724529741,2.608449837961897
COc1ccccc1N1C[C@@H](C(=O)NN2C(=O)NC3(CCCCC3)C2=O)CC1=O,1.334,0.749909166944,3.380698080245496
COc1cc(OC)cc(C(=O)Nc2ccccc2C(=O)NC(C)(C)C)c1,3.4844,0.8407919283249999,1.9057644840465429
C[C@H](Nc1nc(-c2ccncc2)nc2ccccc12)c1ccccn1,4.2599,0.581954793082,2.6109468226885166
CCOc1ccc(C[NH+]2CCC[C@H]([C@H](O)c3nccn3C)C2)cc1OC,1.3559,0.791179956848,4.3178015356682815
O=C([O-])c1ccc([S@@](=O)Cc2ccc(O)cc2)cc1,1.0635,0.917053134499,3.083937210380016
CCc1nn(C)cc1CNC(=O)NCC(C)(C)Cc1ccccc1,3.0506,0.8111165964139999,2.4995349853907065
COC(=C(C#N)C#N)c1cccs1,2.15276,0.531833499843,3.0544666730857486
O=C(NCc1ccnc(OCC(F)F)c1)NCc1cscn1,2.1814,0.8192565810179999,2.6609980824614823
C[C@@H](C(=O)N1CCCC1)N1CCN(C(=O)NCc2ccco2)CC1,1.1177,0.907392047088,2.6022462428023534
CC(C)c1ccc(CN(C)C(=O)NCCCn2cccn2)cc1,3.2382,0.785048065818,2.159358707885076
CNC(=O)[C@@H]1CCCN(C(=O)Nc2nn(-c3ccccc3Cl)cc2C)C1,2.82402,0.859432703364,2.910973445525274
COc1ccccc1N1CC[NH+]([C@@H](C)C(=O)Nc2ccc(F)cc2)CC1,1.5664,0.8606705642389999,3.3898188389692976
CN1C[NH+](C)CC2=C1NCNS2(=O)=O,-2.9468,0.425179452146,5.778788514911093
CNC(=O)c1ccc(O[C@@H]2CCC[C@H]([NH3+])C2)nn1,-0.2319,0.801799841308,3.9289706474589594
COc1ccc(C(=O)O[C@@H](C)[C@@H]2CCCO2)cc1OC(F)F,3.0209,0.74701510646,3.1069363933559746
Cc1ccc(/C=C2/SC(=S)N(CCC(=O)N3CCCc4ccccc43)C2=O)cc1,4.56572,0.511221348803,2.290570389547176
CCc1cccc(S(=O)(=O)Nc2cccc(-c3nnnn3C)c2)c1,2.2403,0.769026710818,2.1428527134922817
Cc1ccc2c(c1)CCN2C(=O)c1ccc(C)nc1C,3.20976,0.781732737443,2.0846586525342943
CCCNC(=O)CN1CCN(C(=O)Cc2c(C)nn(-c3ccccc3)c2C)CC1,1.7020400000000002,0.7782331589720001,2.134626647600024
Cc1ccc(C(=O)NC2CC[NH+](Cc3nc(-c4ccccc4)cs3)CC2)s1,3.15732,0.683883079473,3.3052141799490236
CCOc1ccc(F)c(C(=O)OC[C@H]2CCCCO2)c1F,3.0894,0.7742314350920001,2.6734856744023747
C[NH+]1CCC(NC(=O)c2ncoc2-c2ccccc2)CC1,0.7485,0.889885136792,3.3786557263590287
O=C(NC[C@@H](O)CN1CCCC1=O)Nc1cccc(F)c1,0.9305,0.766822892684,2.5794820238156757
CC[NH+]1CCC[C@H](NC(=O)c2ccc(OC)c(O)c2)C1,0.1978,0.756008315415,3.9787454997285514
O=C(CSCC(F)(F)F)N1CCN(c2ccc(Cl)cn2)CC1,2.6791,0.8302049047210001,2.389966736758005
COc1ccc(Cl)cc1S(=O)(=O)N[C@H](C)C(=O)NCc1ccc2c(c1)OCO2,2.0605,0.705234707757,2.6084413848127905
Cn1cc(C(=O)Nc2ccc(-n3ccnn3)cc2)c(C(C)(C)C)n1,2.5506,0.801393138951,2.513542333266713
Cc1cccc(NC(=O)C[C@@H]2CCCCO2)c1C(=O)[O-],1.25622,0.908037706953,2.9471795805965098
Clc1ccc([C@H](NCCc2nnc3ccccn23)C2CC2)cc1Cl,4.3195,0.681563266213,2.8764442361133917
Clc1ccc(OCCCCSc2ncccn2)cc1Cl,4.7347,0.399166963828,2.0904972277521807
Cn1nnc2cc(C(=O)N[C@@H](C#N)c3ccc(Cl)c(Cl)c3)ccc21,3.26978,0.764167600583,2.8916665293295853
Cc1cc(C)cc(-c2nnc(Sc3nc(C(C)C)ns3)o2)c1,4.47954,0.671159664597,2.820723109047797
C/C(=C/c1ccc(F)cc1)C(=O)NCc1cccc(OCC(F)F)n1,3.5843,0.7575497391439999,2.5311351922205976
CC(C)Nc1cccc(CNC(=O)N[C@@H]2CC[NH+](CC3CC3)C2)c1,1.3733,0.616526757257,4.068301826362039
O=C(COc1ccc(F)cc1F)NC[C@H](O)c1ccccc1Cl,2.8468,0.8430145114640001,2.4025315458162684
Cc1ccc(-n2nc3c(c2NC(=O)C(C)C)C[S@@](=O)C3)cc1,2.53752,0.944291701836,3.086683174638273
COc1nc(Oc2ccc3ccccc3c2)ccc1N,3.6179,0.7661308529430001,1.999222426691173
O=C(c1ccccc1)c1ccc2nc(Nc3ccccc3)c3nncn3c2c1,4.2521,0.462596040714,2.2247777022159525
O=C(C[C@@H](O)c1cccc(F)c1)Nc1cc(F)ccc1O,2.7326,0.755314606876,2.458059953950997
CC(C)c1nc(CSCc2ccnn2C)no1,2.3599,0.817970655203,2.8863463895328643
O=C(C1CCC1)N1CCC[C@H]1c1nc2cc(-c3ccccc3)ccc2o1,4.9584,0.644820706199,2.6049821555247203
O=C(CC[C@@H]1NC(=O)NC1=O)NC1CCN(c2ccccc2F)CC1,0.8989,0.7002484414489999,2.7536008943116035
Cc1ccc(-n2nc3c(c2NC(=O)c2ccc(Br)o2)CSC3)cc1C,4.84374,0.632386087119,2.6437301094160794
C=CCn1c(SCc2nnc([S-])n2-c2ccccc2)nnc1-c1ccccc1,3.9099,0.255169221321,2.7591788392217627
c1nnn(C23C[C@H]4C[C@H](CC(c5nc6c7cn[nH]c7ncn6n5)(C4)C2)C3)n1,1.2342,0.576870037165,5.836644606324091
CCCn1ncnc1COc1ccc(C)nc1C[C@H](C)[NH3+],1.14342,0.839564944488,3.5470207461103285
CCSc1ccc(C(=O)N2CC[C@H](C)[C@H](O)C2)cn1,2.0365,0.864980010393,3.1182818564455026
C[C@H]1[C@H](C(=O)[O-])CCN1S(=O)(=O)[C@@H](C)C#N,-1.31142,0.648556681309,4.524477318875603
COc1ccccc1NC(=O)CSc1nnc(C)c(=O)n1N,0.39992,0.6183467446190001,2.0735526131766697
Cc1ccc(S(=O)(=O)OCCc2coc3ccccc23)cc1,3.68922,0.6551451625110001,2.159901379164779
COc1ccccc1[C@@H](C)NC(=O)[C@@H](C)Oc1cccc(F)c1,3.479,0.867651530073,2.551982183354905
CC[C@@H](Oc1ccccc1/C=C1\S/C(=N\c2cccc(O)c2)N(CC)C1=O)C(=O)[O-],2.9234,0.678581325724,3.3409650157454607
C[C@@H]([NH2+]C[C@H]1CC[C@H](C(N)=O)O1)c1ccc2c(c1)OCCCO2,0.5052,0.843456423848,4.277501159567796
Cc1ccccc1Nc1nc(N)nc(COc2ccc(F)c(Cl)c2)n1,3.87732,0.695418990634,2.182241702048799
CC(=O)Nc1ccc(OC(=O)/C=C/c2ccc(C(N)=O)cc2)cc1,2.3627,0.501310045299,1.9015567993975964
O=C([O-])c1ccc(-c2ccncc2)cn1,0.5071,0.720409872482,2.4900332976947936
O[C@H](c1c(F)c(F)c(F)c(F)c1F)C(Cl)(Cl)Cl,3.7857,0.350918053913,3.5256784439687063
COc1ccc(/C=N/NC(=O)CNc2ccc3ccccc3c2)cc1OC,3.4192,0.488199584608,1.9900040683468951
Cc1ccc(NC(=O)/C(C#N)=C/c2cc(C)n(-c3ccc(O)cc3)c2C)cc1Cl,5.30724,0.440079857891,2.325976652290457
Cc1cccn2c(=O)c(C(=O)N[C@H]3CCN(C(=O)C(C)C)C3)cnc12,0.98962,0.914334746351,2.8274178522465028
O=C(NCCCS(=O)(=O)c1ccccc1)c1n[nH]c2ccccc12,2.1567,0.673254974316,2.052562569876306
C1=C(CC[NH2+]Cc2ccco2)CCCC1,2.2335,0.582279190991,3.6299946572654553
CCN(CC(=O)NCc1ccc(F)cc1)C(=O)c1cnc(-c2cccnc2)s1,3.1227,0.654859426318,2.3190902369703554
FC(F)(F)c1cccc2c1CCCC2,3.5842,0.585197324868,2.043944491017582
CN(C)C(=O)CCCNC(=O)c1ccnc(OC(C)(C)C)c1,1.8571,0.819618753773,2.315907972571372
Cc1ccc(NC(=O)[C@H](C)[NH+](C)Cc2nnc(C3CC3)n2C)c(C)c1,1.35124,0.8419923005750001,3.858902159001152
CN(C)c1cccc(C(=O)OCC(=O)C(C)(C)C)c1,2.5246,0.7819050072820001,2.0280203281399007
Cc1nsnc1Cn1nnc(C(=O)NC(C)C)c1C,0.93294,0.913555662299,2.7948897719268846
CC(=O)Cc1nsc(N[C@@H](C)c2ccccc2)n1,2.8427,0.89245191815,2.7893031122958902
COc1ccc(CNC(=O)[C@H]2Oc3ccccc3O[C@@H]2C)cn1,1.9349,0.939076118558,2.9705363354528083
[NH3+]CC1CCC(c2nc3ccc(Cl)cc3s2)CC1,3.4654,0.880223391995,2.8148103964061164
CCN(C(=O)NC1CC[NH+](C[C@@H](O)COC)CC1)C1CCCC1,0.0151,0.634568938854,4.146521423774851
CCSc1nc2ccccc2c(=O)n1CCc1ccccc1,3.7512,0.516110103217,1.8234695110329096
Cc1cc(C(=O)COC(=O)c2cc(Cl)c3c(c2)OCCCO3)c(C)n1C1CC1,4.29424,0.527218400636,2.4946377221774565
COc1ccc([C@@H](CNC(=O)c2ccc([N+](=O)[O-])o2)[NH+](C)C)cc1,0.812,0.585922350301,3.5182876231611253
CC[C@H](NC(=O)c1ccc(C#N)cn1)C(=O)N1CCOCC1,0.32048000000000004,0.883770840513,2.740512780463437
CCOC(=O)NC(=O)c1c(NC(=O)Cc2ccc(F)cc2)sc2c1CC[C@H](C)C2,4.0795,0.737928403594,2.753487650560244
CC(C)n1cnnc1SCC(=O)Nc1ccc2c(c1)nc(C1CC1)n2C,3.3539,0.660782916689,2.5277633145426908
CCc1ccc([C@H](O)C2(C[NH3+])CCCC2)cc1,2.0847,0.826539374538,3.416268691221453
COc1ccc(CNC(=O)N2CCc3c([nH]c4ccccc34)[C@H]2C)cc1OC,4.0139999999999985,0.694019905798,2.6902675386589454
COc1ccc([C@@H]2C(C#N)=C(N)Oc3cc(C)n(CCN4CCOCC4)c(=O)c32)cc1OC,1.7243,0.7107281559659999,3.098704910362144
O=c1[nH]nc([O-])n1/N=C/c1ccco1,-0.8798,0.655672568799,3.443957508769061
C[C@H](Oc1cccc(Cl)c1)C(=O)N1CCC(Cc2ccccc2)CC1,4.5886,0.7483392525720001,2.353931230172924
COc1cc([C@@H]2C(C(=O)Nc3ccc(F)cc3)=C(C)Nc3nc(C)nn32)cc(OC)c1OC,3.67902,0.571398419589,3.1240852534412227
CC[C@@H](C)[C@@H](O)C[NH2+][C@@H](c1cccs1)C1CC1,2.1696,0.771080517078,4.508918877525425
CSc1cc(-c2cccs2)oc(=O)c1C#N,2.96188,0.760405382114,2.7895884753483315
CC(C)[C@@H](NC(=O)c1ccc(NS(C)(=O)=O)cc1)C(=O)[O-],-0.4376,0.766761668387,2.7586149430997797
[NH3+][C@H](CO)c1ccc(N2CCOCC2)c(Cl)c1Cl,1.1053,0.8884465474169999,3.5118618815266576
CCCn1cc(NC(=O)c2cc3nc(-c4ccccc4)cc(-c4ccccc4)n3n2)cn1,4.9221,0.403208474816,2.375887928975315
Cc1ccc(S(=O)(=O)N2CCC(C(=O)N3CCCc4ccccc43)CC2)cc1C,3.68354,0.751553185717,2.138363420583138
C=CCN(CC=C)C(=O)C1CCN(C(=O)C(C)(C)C)CC1,2.4717,0.729883135995,2.518269994058544
Cc1nc(CSc2nncc3ccccc23)nc2ccccc12,4.1737199999999985,0.509845401427,2.335821673426322
C[C@H]1CCCC[NH+]1C[C@@H]1CCC(C)(C)[C@@H]1[NH3+],0.4904,0.700846404816,5.920999600233168
COc1cc(C(=O)Nc2ccccc2Oc2ccccc2)on1,3.7278,0.754879983256,1.982253205809656
COc1ccc(S(=O)(=O)N2CCOCC2)cc1NC(=O)/C=C/c1ccc(F)c(Cl)c1,3.1605,0.668109268421,2.241466340430497
Cc1ccc(F)c(C[NH+]2CCC(C(=O)NC(C)C)CC2)c1,1.45362,0.874209941904,3.4253751854189067
CCn1nc(C)c(CNC(=O)[C@H]2[NH+]=c3ccccc3=C2NC(=O)c2cccc(C)c2)c1C,-0.23474,0.52151272115,3.6630217363922184
COc1ccc(C(=O)N2CCC[C@H](C(=O)Nc3cc(Cl)ccc3F)C2)c2ccccc12,5.1318,0.58736048268,2.510440865430848
CCc1ccc(/C=C(\C#N)C(N)=O)s1,1.70278,0.608641728564,2.6732769419674405
COc1cccc(N2C(=O)Nc3ccccc3[C@]2(O)C(=O)NCc2ccccc2)c1,3.2088,0.600936953006,2.75621610186864
COC(=O)c1sccc1NC(=O)[C@@H]1CC[NH2+][C@@H]1C,0.445,0.798803286569,4.11686024021914
C/[NH+]=C(/NCc1ccc([N+]2=CCCC2)cc1)N[C@H]1CC[C@@H](SC)C1,1.2249,0.431766580678,4.702272123711749
N#Cc1csc(C(=O)N2CC[C@H]3CCCC[C@@H]32)c1,3.02448,0.770233700276,3.27142473726056
Cc1cccc(NC(=O)[C@H](C)[S@@](=O)Cc2ccc(F)c(F)c2)c1C,3.85754,0.860813942905,3.0015988016491955
CNS(=O)(=O)c1cccc([C@H](C)NC(=O)c2ccc(Cn3cccn3)cc2)c1,2.3305,0.6396044941800001,2.569229018697893
CC[NH2+][C@@]1(C(=O)OC)CCC[C@@H](Oc2ccccc2)C1,1.5031,0.838554647032,3.912431054962793
COCCCn1c(C)c(C)c(C#N)c1NC(=O)C[NH+]1CC(C)(C)C1(C)C,1.6549200000000002,0.731741764306,4.078563329613788
C[C@H]1CCC[C@@H](C)N1C(=O)[C@H]1C[C@H]1c1ccccc1Cl,4.2330000000000005,0.7662004934550001,3.331839098098452
COCc1ccc(C[NH+](C)Cc2ccccc2O)o1,1.3465,0.834825170029,3.7488571426490047
Cc1c(F)cc(N)cc1S(=O)(=O)NCC(N)=O,-0.52008,0.6575291929689999,2.3895812671552417
CCNS(=O)(=O)[C@@H]1CC[NH+](C[C@@H]2CCCc3ccccc32)C1,0.703,0.8527716653630001,4.5254437847397595
CC1(C)[C@@H]2CC[C@@]1(CS(=O)(=O)NCCCO)C(=O)C2,0.6836,0.7169625440180001,4.216763911345483
COc1ccc(-n2ccc(CNC(=O)c3cc(Cl)ccc3[N+](=O)[O-])n2)cc1,3.3725,0.506919274252,2.165602682485796
CC[C@@H](NC(=O)NC1CCC(C(=O)OC(C)(C)C)CC1)[C@H]1CCCO1,3.1437,0.733637391411,3.2984779902031987
CN(CC[NH+](C)C)C(=O)C[C@H]1COCCN1C(=O)c1ccc2[nH]nnc2c1,-1.2081,0.696812660019,4.055037534781672
CC[C@H](c1ccc(F)cc1)N(C)C(=O)Cn1nnc(-c2ccccc2)n1,3.0889,0.674653106963,2.708752726703185
O=C(Cn1cccc1-c1nc(-c2ccc(OC(F)(F)F)cc2)no1)Nc1nccs1,4.1989,0.468589588042,2.5737981830065277
CCc1nsc(Nc2ccc(CC(=O)N3CC[NH+](CC)CC3)cc2)n1,1.1336,0.821212960879,3.4520646977151044
CS[C@@H]1CC[C@H](NC(=O)/C=C(/C)c2ccccc2)C1,3.4902,0.833317402528,3.1799424757004613
Cc1ccc([N+](=O)[O-])cc1NCC(=O)N[C@](C)(C#N)C1CC1,2.1236,0.620152818486,2.8651231686537053
CC1(C)[C@H]2OCC[C@@H]2[C@H]1NC(=O)CCNC(=O)C12CC3CC(CC(C3)C1)C2,2.6388,0.774715439138,4.925075186603534
c1ccc(COC2CC[NH+](Cc3cccnc3)CC2)cc1,1.8457,0.912254674732,3.2166282358167853
O=C(C1CCCC1)N1CCC[C@@H]([NH+]2CCC(CO)CC2)C1,0.4548,0.810749681612,4.081636981389359
COC(=O)CNC(=O)c1sc2ncn(CC(=O)N3CCCCC3)c(=O)c2c1C,0.68172,0.7443758281899999,2.3901560653727234
CC(C)CCNC(=O)[C@@H](C)Oc1ccc(N)cc1C(=O)[O-],0.5619,0.728576495889,2.9966763616811978
CCN(CC)C(=O)[C@@H]1C[C@@H]([NH3+])CN1C(=O)Cc1cccc(O)c1,0.0145,0.8239488103749999,3.649958213574685
COc1ccc(F)cc1NC(=O)N1CCO[C@H](c2ccc(C)o2)C1,3.34112,0.917711852439,2.8010446984387887
COc1ccc(-c2nnc(SCC(=O)c3ccc(Br)cc3)o2)cc1OC,4.4913,0.382511436221,2.074579801313972
CC(C)=CC(=O)NCCC1CCN(c2cc[nH+]cc2)CC1,2.1896,0.846844722537,3.3920790050475538
C[C@]1(O)[C@](C)(O)[C@@H](CO)O[C@](C)(Oc2c[nH]c3ccc(Br)c(Cl)c23)[C@]1(C)O,2.3229,0.476800756495,4.6365722218491765
O=C(CCCc1nc(-c2cccnc2)no1)N1CCC[C@@H](Cc2ccccc2)C1,3.9356,0.590412333552,2.6911103895783293
Cn1nc(NC(=O)c2cccc(F)c2)c2c1NC(=O)C[C@@H]2c1ccccc1,3.2856,0.7360564076389999,2.959525536253885
O=C(CSc1ccncc1)NCCN1Cc2ccccc2O[C@@H](c2ccccc2)C1,3.9258,0.568670298917,2.7908789186964427
N#Cc1ccc(OCCn2cc(Cl)cn2)cc1,2.48718,0.833300116233,2.0937472725783888
C[C@@H]1CCN(C(=O)Nc2ccc(O[C@@H]3CCOC3)cc2)[C@H](C)C1,3.5066,0.906647420763,3.1933557050223413
CC[C@H](C)[C@H](C)[NH2+]Cc1ncccc1F,1.7187,0.795366707887,4.1665028861268265
C#CC(C)(C)NC(=O)c1ccc(OC)c(O)c1,1.5424,0.7857565489849999,2.302820427994403
COc1cc([N+](=O)[O-])ccc1OCc1nc(-c2cccs2)no1,3.2939,0.494985148007,2.1931985142325754
CC1CCN(C(=O)C[NH+]2CCC[C@@H](c3nc4ccccc4o3)C2)CC1,1.8486,0.932223038924,4.052685302247913
C[C@H]1CCC[C@H](NC(=O)Cc2c[nH]c3ccccc23)[C@@H]1C,3.6513,0.864007565416,2.980753608424733
Cn1nc(CNC(=O)Nc2ccccc2C(F)(F)F)cc1-c1ccncc1,3.8226,0.705659416325,2.370276164267171
CC[NH2+]C[C@H](Cc1cscn1)c1cccc(F)c1,2.1918,0.854747501233,3.8396350649586095
CCCCS(=O)(=O)N1CCN(c2ccc(-n3ccnc3C)nn2)CC1,1.22262,0.775519748732,2.5217045406186784
O=C(c1cc2ccccc2o1)N(C[C@H]1CCCO1)c1nc2c(F)cccc2s1,5.0074,0.466465133463,2.8852051746814578
C[C@H](CC#N)Sc1ccccc1NC(=O)c1ccc(Cl)nc1Cl,5.03498,0.570583376283,2.9273721708162697
O=C(CCCc1nc2ccccc2s1)N[C@H]1CCOC1=O,2.0507,0.862423908106,2.7286407644915034
COC(=O)c1cc(S(=O)(=O)N[C@H](C)c2ccccc2C)cn1C,2.15962,0.851805795753,2.657819518831157
Cc1cnn(CC(=O)[C@@H](C#N)c2nc([O-])c3ccc(Cl)cc3n2)c1,1.7382,0.7208674782529999,3.7259882285259103
COc1ccc(C)cc1NC(=O)[C@H]1CCCN1c1cc(C)ccc1[N+](=O)[O-],3.82774,0.6196387381490001,2.5975607250650725
CC[NH+]1CCC2(CC1)OC[C@H](C(=O)[O-])N2C(=O)c1ccc(F)cc1,-1.1885,0.7942829309810001,4.775004043417714
Cc1ccc2c(c1)N(C(=O)C[C@H](O)c1ccc(Cl)cc1)CC2,3.66122,0.913587824969,2.5553517382798123
O=c1[nH]cnc2c1[nH]c(=S)n2[C@@H]1O[C@H](CO)[C@@H](O)[C@H]1O,-1.60631,0.446358388219,4.1284482489476035
Cc1cn2c([nH+]1)CC[C@H](NC(=O)C[C@@H]1CCCc3ccccc31)C2,2.55182,0.924779236079,4.051024211623837
CC(=O)c1cc(CN2CCC3=NN=C(c4ccccc4F)[C@@H]3C2)cs1,3.7706,0.7606667012880001,3.434388922480617
C[C@H](Nc1ccc(S(=O)(=O)N2CCCCC2)cn1)[C@@H](C)CO,1.685,0.837306567438,3.099198436231132
COCCn1nc(C)c(NC(=O)N2CCC[C@H]2c2cccc(C)c2)c1C,3.82376,0.858335924772,2.7542558480542527
CCCCS(=O)(=O)[N-]c1ccc(NC(=O)[C@H]2CCC[NH+](C)C2)cc1,1.6849,0.7887789389740001,4.785895069422754
Fc1ccc(Oc2ccnc(Sc3nnc(-c4cccs4)o3)n2)cc1,4.6707,0.450385759411,2.5111942715196776
N#Cc1ccc(NC(=O)[C@@H]2CSCN2C(=O)c2cn(Cc3ccccc3)c3ccccc23)cc1,4.71508,0.441435222,2.8168338136920266
CC[C@@H](C)n1nccc1NC(=O)C(=O)N1CCc2cc(F)ccc2C1,2.5166,0.8689963884890001,3.0117430983047933
Cc1ccc(-c2cnc(CCC(=O)N(C)C3CCOCC3)o2)cc1,3.22002,0.832454424342,2.3435244427860056
C[C@H](CNC(=O)c1ccc(-c2ccccc2)[nH]c1=O)Oc1ccc(F)cc1,3.3783,0.688976678845,2.5207499118782586
CCOC(=O)c1c(NC(=O)[C@H]2CCCN2S(C)(=O)=O)sc2ccccc12,2.4405,0.7836354230789999,2.7389479449984044
Cc1ccc(C(=O)Cc2cccc(O)c2)cc1,3.12602,0.8055238005550001,1.6177473510713265
Cc1ccccc1-c1nn(CN2CCCc3ccc(S(C)(=O)=O)cc32)c(=S)o1,3.99481,0.579166406755,2.61265038789538
CCOc1cccc([C@H](C)NC[C@@](C)(O)c2ccc(F)cc2F)c1,3.9218,0.7787457693019999,2.9623209748605994
CC[C@@H]1CCCCCN1C(=O)c1cnc2sc(C)cn2c1=O,2.85922,0.8487055299580001,2.9997619119770853
N#Cc1ccc(OCC(=O)NCc2cccc(CO)c2)cc1,1.74578,0.856855663092,1.8433673132307116
O=C(Nc1ccccc1)NC1CCN(C(=O)[C@H]2CCCC[C@H]2C(F)(F)F)CC1,4.1678,0.7730377768089999,3.01874194019466
CC1(C)CCC(O)(C[NH2+][C@@H]2CCOC3(CCC3)C2)CC1,1.9828,0.835699227063,4.828369464702682
[NH3+][C@H]1CCC[C@H]1CCN1C(=O)c2cccc3cccc1c23,2.6007,0.920796355691,3.5567171862356872
C#CCN(Cc1cc(Br)cc(OC)c1O)[C@@H]1CCS(=O)(=O)C1,1.7856,0.785142684078,3.292373351183038
Cc1ccc(-c2nc3nc(CN4CC[NH+](C)CC4)cc([O-])n3n2)cc1,-0.49638,0.724673587554,3.754007005407412
C[C@@](O)(CNC(=O)C1CCCC1)c1cccs1,2.262,0.8663158301270001,2.860149460452224
O[C@H](CSc1nnc(-c2c[nH]c3ccccc23)n1C1CC1)CN1CCOCC1,2.5465,0.593544306834,3.037506112767764
C[C@@H]1CCC/C(=N/[NH+]=C(/[S-])NCc2ccccc2)C1,1.3258,0.382116287511,3.83997886759073
O=C(c1cc2ccc(Cl)cc2[nH]1)N1CCC[C@@H]1Cn1nnc(-c2cccs2)n1,3.8411,0.534531086827,3.121815681248062
COc1ccc(S(=O)(=O)Oc2ccc(C(C)=O)cc2OC)cc1,2.6741,0.5935805894430001,1.841034278468339
CC(C)c1ccccc1NC(=O)C[NH+](C(C)C)[C@@H]1CCCC[C@@H]1O,2.3453,0.749177092038,4.0825767080664965
O=Cc1ccn(-c2ccc(Br)cc2)c1,3.0523,0.741926914594,2.2637909703075234
O=C(C1CC1)N1CCC[C@H](Cn2cc[nH+]c2-c2cc3n(n2)CC[NH2+]C3)C1,-0.1087,0.855915447613,4.774000374148202
O=C(CCNc1ccccc1[N+](=O)[O-])N1CCC[C@@H]([NH+]2CCCC2)C1,1.0665,0.603821161676,3.8781254609421554
Cc1ccc2c(c1)-c1onc(C(=O)N3C[C@@H](C)C[C@H](C)C3)c1CO2,3.66052,0.780877524576,3.2855461702534425
O=C(COC(=O)c1ccc(Cl)nc1)NC(=O)Nc1ccc2c(c1)OCCO2,2.0113,0.6075473289760001,2.2157657220777818
CCC[C@@H]1C[C@H]1NC(=O)C1(c2ccc(F)cc2F)CCOCC1,3.3178,0.8865246949590001,3.4151533445975084
CCOC(=O)C1CCC(NC(=O)[C@@](C)([NH3+])CC)CC1,0.6351,0.7327890420190001,3.3113628741723837
CC[C@@H](O)C(=O)NCc1cccnc1Oc1ccccc1OC,2.2696,0.820489266672,2.5911637906387543
C[C@@H](Sc1nnc(-c2cccs2)n1-c1ccccc1)C(=O)N1CC(=O)Nc2ccccc21,4.4617,0.424774353633,2.8990256073599614
Cc1cc(F)ccc1NC(=O)COc1ccc2c(c1)CCC2,3.64032,0.911232909129,1.826624456087856
C[C@H](NC(=O)NCCC[S@](C)=O)c1ccc(Cl)s1,2.5303,0.7921670334890001,3.34164799532118
O=C(Cn1c(=O)c(=O)n(Cc2ccncc2)c2ncccc21)NCCc1ccccc1,1.3604,0.464707563477,2.287194472833168
CS(=O)(=O)c1ccc(C(=O)Nc2ccc(F)c(F)c2F)cc1,2.7597,0.876027540649,1.8603084940837584
CCCCOc1ccccc1/C=C1\SC(N2CCC(C)CC2)=NC1=O,4.5677,0.545986395365,2.3356473900227956
CC(C)[C@@H](CNC(=O)N1CCc2ccc(Cl)cc2C1)c1cccnc1,4.2425,0.853100308117,2.8382047946366296
CCCOc1ncnc(Nc2cc(Cl)cc(Cl)c2)c1N,3.898,0.846851084726,2.328711949237592
CC(=O)Nc1ccc(NC(=O)c2nnn(-c3ccc(C)c(C)c3)c2C)cc1,3.40326,0.728533568042,2.03413950029956
CCOC1CC[NH+](CC[C@@H](O)c2ccc(C)c(F)c2)CC1,1.64142,0.843775558723,4.068581893437578
IC[C@@H]1Cn2c(nnc2-c2ccncc2)S1,2.2494,0.620658363222,3.554178878509916
CCOc1ccc([C@H]2CCCN2C(=O)c2[nH]c(C)c(C(C)=O)c2C)cc1,4.21014,0.785773784472,2.649709483459944
CC(C)CONc1ncnc2sc3c(c12)CCC3,3.1795,0.8481961710979999,2.7473769644534536
CC(C)[C@@H](ON1C(=O)c2ccccc2C1=O)C(=O)[O-],-0.0113,0.7326963783789999,3.246725770099985
COC[C@H](O)C[NH+]1CCC(C)(C)C1,-0.6915,0.638922357812,5.211511816983303
COC(=O)[C@@H](c1ccccc1Cl)N1CCCSCC1,2.9930000000000003,0.794450055718,2.7705904759823365
O=C(Nc1nc2ccc(F)cc2s1)c1cc(-c2ccccc2O)[nH]n1,3.7834,0.506421160324,2.327387774638181
C/C(=N\Nc1ncnc2sc(C)c(C)c12)c1cccc(OC(F)F)c1,4.74564,0.502517723716,2.5472738735392793
CC(C)CN1CCO[C@@H](CNC(=O)/C=C/c2ccnc(Cl)c2)C1,2.2212,0.6402567251519999,3.029812074662422
Cc1cc(F)ccc1CCNC(=O)Cc1c[nH]c2c(C)cccc12,3.82524,0.713193538892,2.1673563334017825
NC(=O)[C@@H]1CCCN(C(=O)Cn2nc(-c3cccs3)oc2=O)C1,0.2887,0.8825112816060001,2.8950698261417127
CCCCCn1c(SCC(=O)[O-])nc2ccccc2c1=O,1.4287,0.443796522482,2.364573998528648
Cc1ccc2nc(NC(=O)c3ccc(OCc4nc(-c5ccco5)cs4)cc3)sc2c1,6.15252,0.336337681639,2.3128516325964803
COc1ccccc1N1CCN(c2ccc(=O)n(CC(=O)NC3CC3)n2)CC1,0.8571,0.809484679965,2.1806044677395846
C/C(=C/C(=O)N[C@@H](C)c1c(C)noc1C)c1ccccc1OC(F)F,4.17354,0.7632352745730001,3.1217328138833307
COCCn1nc(C)c(NC(=O)N2CC[C@H](Cc3ccccc3)C2)c1C,3.24284,0.850502989385,2.6816011674516265
Cc1ccsc1C[NH+](Cc1nc2ccccc2n1C(C)C)C[C@H](C)O,2.95302,0.675466136831,4.1472560504038665
Cc1cccc(CNC(=O)C[C@H]2Oc3ccc(C)cc3NC2=O)c1,2.7094400000000003,0.904309873744,2.614809856809829
C[C@@H](c1ccc([S@](C)=O)cc1)N(C)C(=O)c1cc2cccc(F)c2o1,4.1425,0.6763100017389999,3.2598131072600545
COc1cc(OC)c(C(C)=O)cc1CSc1nnnn1-c1ccccc1,3.1744,0.460026434553,2.2044155601497297
Cc1sc(=O)n(CCC(=O)NC2CC(C)(C)[NH2+]C(C)(C)C2)c1C,1.31594,0.87758027819,3.606864615344577
CC[C@@H]1CCCCN1C(=S)NC(=O)c1ccc(C)cc1,3.27422,0.834281748997,2.4437977124646424
CCC[C@H](C)C(=O)N[C@H](C)c1cccc(Br)c1,4.0625,0.840225166448,2.647237817472464
COc1cccc([C@H]2CCCN2C(=O)c2ccccc2I)c1,4.2771,0.68245071406,2.3999890654687537
C[C@H](NC(=O)N1CCCC[C@@H]1C1OCCO1)c1cccc(-n2ccnc2)c1,2.8703,0.8916791384010001,3.3385252064449937
CS(=O)(=O)N1CCC[C@@H](C[NH+]2CCC[C@H](CO)C2)C1,-1.0548,0.730246450224,4.691710528033772
CCN(C(=O)Cn1nc2n(c1=O)CCCCC2)[C@H]1CCS(=O)(=O)C1,-0.1932,0.7694204142319999,3.1573266900643717
COc1ccccc1NC[C@H]1CCCN(S(C)(=O)=O)C1,1.7787,0.906515878436,2.4427666685085985
COc1cc([C@@H]2CC(=O)Nc3c2cnn3Cc2cccnc2)cc2c1OCO2,2.5378,0.7494114887019999,3.2850044242124152
O=C(CNc1ccc(Cl)cc1NC(=O)c1ccco1)Nc1ccc(F)c(Cl)c1,5.0284,0.499140914174,2.115974828012224
Cc1nn(C)cc1[C@@H](C)NC(=O)C(=O)Nc1ccc(OCC2CCCCC2)cc1,3.5035199999999995,0.713018406974,2.758209455855217
CC(C)(C)[S@](=O)CCNC(=O)c1cccc(F)c1Cl,2.7561,0.92442771147,3.0000369375207985
C[C@@H](O)c1ccc(F)cc1OCc1nc(C(C)(C)C)cs1,4.212,0.883011211232,2.8507628856835114
COC[C@H](NC(=O)Nc1cn[nH]c1)c1ccc(F)c(F)c1,2.1971,0.79341366771,2.9106609025640453
C[C@@H]1CS(=O)(=O)N(c2ccc(S(=O)(=O)Nc3ccccc3C(F)(F)F)cc2)C1=O,2.8187,0.770212335807,2.902150832677272
CC(C)c1ccc2c(c1)[C@]1(CC(O)=Nc3c1cnn3Cc1ccccc1Cl)C(=O)N2C,4.9624,0.605952769188,3.994187829525997
CC[C@@H](C)C(=O)NCC(=O)N(C)[C@@H](C)c1cc(F)ccc1F,2.6465,0.8746115731280001,2.981257030830428
CO/N=C\C(C#N)=C/c1cccnc1,1.62078,0.413685751923,3.140342508769061
CO[C@H](c1ccc(Cl)cc1)[C@@H](C)NC(=O)C(=O)Nc1ccccc1C,3.4793199999999995,0.784417569067,2.81549805709283
CC(C)CNC(=O)[C@](C)(N)C(F)(F)F,1.0383,0.744031153168,3.1946461000504103
C[C@@H](C(=O)C1=c2ccccc2=[NH+]C1)[NH+]1CCC[C@@H]1[C@@H]1CC=CS1,-1.4248,0.7526624408079999,5.968905818013142
Cc1nc(Br)ccc1NC(=O)NCc1cnn(C)c1,2.20772,0.852883920556,2.4463325429439653
COc1c(C)cnc(CNC(=O)Nc2ccc(N(C)C)cc2)c1C,3.0947400000000003,0.873943398336,2.1857467900040035
COc1ccc2cc(COC(=O)COc3ccccc3C#N)ccc2c1,3.84228,0.6138403973040001,2.002058412540583
CCS(=O)(=O)CCN(C)Cc1c[nH]nc1-c1ccc(C)cc1,2.25162,0.851176306525,2.751939246215761
COc1ccc([C@@](C)([NH3+])Cc2[nH+]ccn2C)cc1,0.5476,0.858852051818,4.383300035372812
C[C@H]1CCN(C(=O)NCCc2nnc3n2CCCCC3)[C@@H](C)C1,2.377,0.930737378783,3.252429342445814
O=C(NC[C@@H]1CCC[NH+](Cc2ccccc2F)C1)c1nc[nH]n1,0.1687,0.754334071304,4.598548536684411
O=C1CC[C@@H](NC(=O)COc2ccc(Cl)c(Cl)c2)CN1,1.767,0.895747691735,2.5968174926844227
Cc1noc(C)c1COc1ccc(C[NH2+]C[C@H]2CCCO2)cc1,2.1128400000000003,0.852817427718,3.4892770574408383
N#Cc1cnn2c1N[C@@H](c1ccccc1)C[C@@H]2C(F)F,3.11788,0.903123001115,3.8246245772299985
C[C@@H]1Cc2ccccc2N1C(=O)[C@H]1CCCN(C(=O)NC2CC2)C1,2.5482,0.905715044519,2.934234631791904
COCc1nc(C(=O)OCC2=CC[C@H]3C[C@@H]2C3(C)C)cs1,3.4387,0.6045146629770001,4.233678229329905
CCN(Cc1ccc(Br)s1)C(=O)C[NH+](C)CC(=O)[O-],-0.8763,0.7290671639920001,4.345437082317179
O=C([O-])[C@H]1CCCN(c2ccc([O-])nn2)C1,-1.4835,0.6397428196530001,3.862593084729229
COc1ccc(CCCC(=O)Nc2cccc(S(N)(=O)=O)c2)cc1F,2.4431,0.785928519809,1.9172164535679477
Fc1ccccc1[C@@H](c1nnnn1C1CCCCC1)[NH+]1CCN(c2ccccc2)CC1,2.8119,0.6839460235160001,3.675360955123764
O=C(C/C(=N\Nc1nc(-c2ccccc2)cs1)c1ccccc1)C(F)(F)F,5.1478,0.45049498699,2.4151143734264315
C[C@H]([NH2+]CC(=O)N(C)C)c1ccc(Cl)s1,1.1141,0.8617179225149999,4.076133882030967
CCOC(=O)COc1ccccc1/C=C1/C(=O)NC(=O)N(c2ccc3c(c2)OCO3)C1=O,2.0236,0.415249052497,2.440053035718
Cc1cc(C(=O)NNC(=O)c2cccc3ccccc23)c(C)o1,3.1244400000000003,0.70511387106,1.9798379978259053
COc1ccc(-c2csc(NC(=O)Nc3ccc(F)cc3)n2)cc1OC,4.6104,0.654685470459,1.8925272025613749
Cc1ccc(C)c(S(=O)(=O)N2CCN([C@H](C)c3nc(N)nc(Nc4ccccc4)n3)CC2)c1,2.88174,0.563796443677,2.8899436200395616
Cc1cccc(C)c1-n1nnnc1CSCc1nnc(C)n1C,2.14946,0.716366782463,2.7131920806661416
COc1cccc(C(=O)N[C@@](C)(C(N)=O)c2cccc(Cl)c2)c1,2.4791,0.881415301078,2.5404911955415432
C[C@H](CCO)[NH2+][C@H]1CCc2c(Br)cccc21,1.7707,0.875268182636,4.353876366498634
CCc1ccsc1-c1cnc(C[NH3+])o1,1.7074,0.842823681984,3.5873413549229074
NC(=O)C1(N2CCCC2)CC[NH2+]CC1,-1.3365,0.609643496307,4.03901327799983
CC(C)C[C@@H]([NH3+])C(=O)N1CC[C@H](C(=O)[O-])[C@@H]1C,-1.3701,0.6971979761210001,4.816473422979972
CC[C@H](C)Cn1c(CCCl)nc2c(C)nn(C)c21,2.90562,0.775405632448,3.4051885126098598
Cc1csc([C@H](C)NC(=O)CCC[NH+]2CCCCC2)n1,1.47772,0.8433098161560001,4.190337894650877
CCC(=O)NN/C(C)=C/C(=O)NCC(C)(C)C,1.0833,0.504769471428,2.6540805678545425
CCC(=O)N1CCC([NH+](C)Cc2ccc(SC)c(OC)c2)CC1,1.8328,0.809845831172,3.8138483727393466
Clc1ccc(CNc2ncccc2Cl)cn1,3.3955,0.8359348693950001,2.0725922880573613
C[C@H](c1nc(C(C)(C)C)no1)[S@](=O)Cc1ncn(-c2ccccc2)n1,2.9577,0.689362991994,3.8255287976566135
Cn1cnn(C[NH+](Cc2ccc(F)cc2)C2CC2)c1=S,1.29519,0.850965805075,4.158604305871236
C#CC(C)(C)NC[C@H]1CN(C)CCO1,0.3184,0.673008012866,3.522841956206639
C[C@H](NC(=O)[C@H]1CCCN1S(C)(=O)=O)c1ccc2c(c1)OCO2,1.0165,0.8966925730799999,2.92740117373952
O=C(Nc1ccc2ncccc2c1)C(=O)NC1CCC(O)CC1,1.5930000000000002,0.740871625023,2.1420180946521548
CC(C)[C@H]([NH2+]CC1CCN(C(=O)OC(C)(C)C)CC1)c1cccnc1,2.9892,0.880768660754,3.5705489559254326
CCC[C@H](C)NC(=O)C[NH2+]Cc1cscc1C,1.42472,0.76822434927,4.11759387534584
CS(=O)(=O)N1CCC(C(=O)Nc2sc3c(c2C#N)CCCC3)CC1,2.10868,0.889262722509,2.3817972127156217
O=C(CN(C(=O)Cn1nnc2ccccc21)c1ccccc1)NC[C@H]1CCCO1,1.7597,0.665621419621,2.7518675399518955
O=C(Nc1cccc(N2CCCNC2=O)c1)C(=O)N1CCc2cc(F)ccc2C1,2.2688,0.765998658227,2.4552528733284547
C[C@@H]1CC[NH+](CCCN2C(=O)CNC2=O)C[C@@H]1O,-1.7861,0.5524825343240001,5.017063413984479
O=C(COc1ccc(Br)cc1)NOCc1ccccc1,3.0759,0.815089448613,1.815916060643426
CC(=O)C[C@]1(O)C(=O)N(Cc2ccc(C)cc2)c2c(C)cccc21,3.01694,0.930670976673,2.7237512595247626
C[C@H](OC(=O)c1ccc2ccccc2n1)C(=O)NCC1CCCCC1,3.4766,0.827776258812,2.5015966147883084
C[C@@H](Sc1cc(Cl)ccc1Cl)C(=O)N1CCC[C@H](CCC(N)=O)C1,3.9781,0.722929758635,3.049226569266194
COc1cc(-c2ccno2)ccc1S(=O)(=O)NCc1ccco1,2.4217,0.7437478253450001,2.42656494779901
CCC[C@@H](CC)Nc1c(F)c(F)nc(F)c1F,3.6286,0.620767597731,3.2424958066060685
Oc1cccc([C@@H]2CN(c3nccc(Oc4ccc(F)cc4)n3)CCO2)c1,3.6915,0.7376615849510001,2.8217953423971065
COc1ccc([C@H](CNC(=O)c2cccc3ccccc23)[NH+]2CCCC2)cc1,2.9982,0.688400172174,3.4406081765576295
CC1(C)[C@@H]2CC[C@@]1(C)[C@H](NC(=O)COc1ccc(C3SCCCS3)cc1)C2,5.2651,0.6986063411929999,4.3190946002216455
Cc1c(C)n(-c2ccccc2)c2nc(C(=O)Nc3ccc(F)cc3)nc(N3CCCCC3)c12,5.41904,0.443291764599,2.392115053495285
CC(C)C(=O)Nc1cccc(NC(=O)C(=O)NCC[C@H]2C[C@H]3CC[C@@H]2C3)c1,3.1621,0.6619710760059999,3.8851560677015353
COc1ccc(CNC(=O)c2cc(N3C(=O)C(C)(C)CS3(=O)=O)ccc2Cl)cc1OC,2.9898,0.694625897359,2.462510297008992
CC(=O)Nc1cccc(NC(=O)CCc2c(C)[nH]c(=S)[nH]c2=O)c1,2.27061,0.624297145235,2.283880356437571
COc1ccccc1[C@H]1CCCN1C(=O)[C@@H](C)CCOc1ccccc1,4.4639,0.705442904092,2.7159475344601156
CCNc1ncc(COCC2CCCCC2)s1,3.6718,0.817999692872,2.4286921203020952
CC[C@H](C)C(=O)Nc1ccccn1,2.0662,0.772796831355,2.2466505132358776
O=C([O-])CC1=C(C(=O)[O-])CCCC1,-1.2531,0.5758452527800001,3.925004585173661
Fc1ccc(C[NH2+]C[C@@H]([C@H]2CCOC2)N2CCOCC2)c(F)c1,0.7655,0.852573644291,4.0177416480506585
CCc1cc(Cn2cc(N)nn2)n(C)n1,0.2045,0.797718515747,2.9637572946280937
N#Cc1cccnc1Oc1ccccc1NCc1cccc2ccccc12,5.51088,0.5004469599229999,2.113464807991868
O=C(NCc1ccc([N+](=O)[O-])cc1)N[C@@H]1CCCC[C@H]1CO,1.9451,0.57409879834,2.828928469180731
C[C@H](NC(=O)NC[C@H](C)C[C@@H](C)O)c1ccc(S(C)(=O)=O)cc1,1.8573,0.709195589466,3.140765839150508
CC(C)Oc1ccc(NC(=O)NC[C@H](C)N2CCOCC2)c(F)c1,2.4551,0.835253262959,2.656999020718791
COc1ccccc1COC1CCN(C(=O)[C@H]2CCC[C@@H](C)C2)CC1,4.0291,0.779561928131,2.882663358096174
CC(=O)O[C@H]1CC[C@H]2[C@H]3C[C@H](OC(C)=O)[C@]45C[C@H]4CC[C@]5(C)[C@@H]3CC[C@]12C,4.5024,0.638669961923,4.91290903275738
CCCn1nnnc1CN1CC[C@]2(C1)NC(=O)N(C(C)C)C2=O,-0.0122,0.788451242848,3.727078847504858
CC1=C(C(=O)OCC(C)C)[C@H](c2cccc(F)c2)c2c(n(C)c(=O)n(C)c2=O)N1,2.2537,0.7968085131199999,3.0540626669967974
Cc1cc(C)c2c(-c3ccccc3)nc(SCC(=O)NC3CC3)n2n1,3.38384,0.7013475598379999,2.315004865645765
COc1cc2c(cc1OC)[C@H](C(=O)[O-])[C@H](c1cccc(Cl)c1)N(C)C2=O,2.0176,0.821669075945,3.34257224518601
COCCN1C(=O)CC[C@@H]2C[NH+](Cc3cc(C)ccc3C)CC[C@@H]21,1.34564,0.893267400208,4.385381479765386
Cc1cnc([C@H](C)NC(=O)NNC(=O)Nc2ccccc2)s1,2.54842,0.65351139156,2.7699313908852723
CNC(=O)c1ccc(NC(=O)c2csc(-c3ccccc3)n2)cc1,3.422,0.750452470274,1.7995632387726257
CNc1nc(C2CCN(C(=O)Cc3ccccn3)CC2)[nH+]c2c1CN(C(C)=O)CC2,1.1857,0.828931981746,3.3964078431138613
Cc1cc(C)n(C[C@@H](C)CNC(=O)NCc2cc3ccccc3o2)n1,3.38164,0.708367799675,2.8384115118630664
Cc1nc2n(n1)C[C@H]([NH2+]C[C@@H](O)CN(C)Cc1ccccc1)CC2,-0.04238,0.769304440651,4.162798019555035
c1ccc(Cn2c(SCc3ncon3)nnc2-c2cccs2)cc1,3.7302,0.476903940208,2.4684501116823245
COc1ccc(-n2nc(C)c3c2C[C@H](c2cc(OC)c(OC)c(OC)c2)CC3=O)cc1,4.12782,0.57224761877,2.8093197718692355
COc1ccc(OC)c(/C=C/C(=O)OCC(C)C)c1,2.9162,0.580098684493,1.9923453932286588
C[C@H](NC(=O)[C@H]1CC[C@H](C[NH3+])O1)C(=O)N(C)C,-1.6312,0.659919746355,4.12134656983312
Cc1cccc(C(C)C)c1NC(=O)[C@@H](C)Sc1nnc(-c2cccs2)n1N,4.27152,0.45634713846,2.8426542635266103
Cn1cc(C(=O)Nc2ccccc2C(=O)NCCc2ccccc2)c(=O)c2cccn21,2.8628,0.505037804969,2.462095579142588
Cc1ccccc1[C@@H]1C[C@H](C)N(C(=O)[C@@H](C)Sc2ccccn2)C1,4.27522,0.7473716831489999,3.330111117774437
Cc1occc1C(=O)/C(C#N)=C/c1ccc([C@@H]2C[C@H]2C)o1,4.0943,0.462574822884,3.482787373651436
CC[C@](C)(C[NH3+])[C@H](O)c1ccc2c(c1)OCO2,1.1069,0.836146821155,3.869320234038321
CCc1nn(CC)c(C[C@@]2(C3CC3)CCC[NH2+]2)c1Br,2.2764,0.8862985093179999,4.389449256824138
CC(=O)Nc1ccc(CN2CC[NH+](C3CCCC3)[C@H](CCO)C2)cc1,1.0391,0.731279930991,4.035042204250022
COc1ccc([C@H](O)[C@@H](C)NC(=O)[C@@H](C)SC)cc1,1.9848,0.842410279689,3.088657800295361
CCC(=O)N1CCC[C@@H]1c1cc(C(F)(F)F)c2c(=O)n(C)c(=O)n(C)c2n1,1.7245,0.796272973026,3.1487367250650724
C[C@H]([NH3+])[C@@H](CC(=O)[O-])c1ccccc1,-0.4594,0.729867537792,3.981647667125841
Cc1ccc([C@H]2C3=C(NC(=O)N2C)c2ccccc2C3=O)cc1,3.29872,0.8633105190639999,2.856590299514496
C[C@@]1(Cc2ccc3c(c2)OCO3)CCC(=O)N(CCc2ccc(O)cc2)C1,3.5348,0.857671860353,2.965773411455604
Cc1cc(C)cc(O[C@H]2CCCC(C)(C)[C@@H]2O)c1,3.62184,0.843578270131,3.218394620124948
Cc1c(-c2nc(-c3cccs3)no2)sc2nc[nH]c(=O)c12,3.07152,0.606760344618,2.7481972143792053
COc1cc([C@H]2C(C(=O)Nc3ccccn3)=C(C)NC3=C2C(=O)CCC3)ccc1OCc1ccccc1,5.2758,0.447394312402,2.9086801736986505
COc1cc(C)c([C@@H](C)NC2CC[NH+]([C@H]3CCCC[C@@H]3O)CC2)cc1OC,2.01362,0.7134782660529999,4.367444654284027
C[C@@H]1CCC[C@@H](NS(=O)(=O)Cc2cccc(N)c2)C1,2.2669,0.833813183641,2.953005804195863
CCCN1C(N)=[NH+]C[C@@H]1c1cc(Cl)c2c(c1)OCO2,0.2307,0.853623721885,3.9917802195720817
CC(C)C[C@@H](NC(=O)[C@@H]1C[C@@H]1c1cccc(Cl)c1Cl)C(=O)Nc1cc[nH]n1,3.9896,0.623768648566,3.7072182575228934
Cc1nc(CCC[NH+]2CCC[C@H]2C(N)=O)cs1,-0.08327999999999999,0.7952215830120001,4.772868126837013
NC(=O)COc1cccc(CNC(=O)c2cc3cc(Cl)ccc3[nH]2)c1,2.6154,0.6302701249279999,2.084300640293652
COc1ccc(CNC(=O)c2cc(=O)c3ccc(Br)cc3o2)cc1,3.4941,0.7265363316760001,1.986902261003593
CC[C@@H](C)c1ccccc1N1C[C@H](C(=O)N2CCN(C)CC2)CC1=O,2.327,0.843803648061,2.903285940513758
CC[NH2+][C@H](Cc1ccccc1Cl)[C@H]1C[NH+](C)CCN1C,-0.3369,0.7911398080840001,5.193213146021362
C[NH+]1CCC(N[C@@H]2CC(=O)N(CCc3cccc(Cl)c3)C2)CC1,0.7501,0.8463749761730001,3.847249137599486
CCN1CC(=O)Nc2cc(C(=O)NC3CC[NH+](C4CCCC4)CC3)ccc21,1.1847,0.754015323204,3.615526553553997
COc1ccc(Br)cc1/C=C/C(=O)N1CCN(C(=O)c2ccccc2)CC1,3.4555,0.6851656842460001,2.0048941936062534
NC(=O)COc1ccc(C(=O)N[C@H]2CCCc3ccccc32)cc1,2.3581,0.886416282694,2.3238542695582063
O=C(COc1ncnc2ccc(Br)cc12)Nc1ccccc1Cl,4.0632,0.700266969364,2.021216696050756
C[C@@H](c1ccc(Cl)cc1Cl)N(C)C(=O)c1ccc(NC(N)=O)cc1,4.3172,0.8106763320520001,2.465583685560265
Cc1ccc(N2C(=O)[C@@H](Cc3cccc(C)c3)S/C2=C(/C#N)C(N)=O)cc1,3.21502,0.644574146639,2.9118758019881508
CC(C)CN(C(=O)NCc1ccc(C(F)(F)F)cc1)C1CC1,4.0354,0.842417430465,2.138038872180239
ClCCc1nc2cccnc2n1CCn1cccn1,2.1093,0.6728973100390001,2.5061879545135284
CC[C@@](C)([C@@H]([NH3+])c1cc(Br)ccc1F)N1CCOCC1,2.3721,0.910031105549,3.884290679548732
Cc1ccc(NC(=O)c2cc3ccccc3oc2=O)c([N+](=O)[O-])c1,3.26192,0.444910060346,1.9988477293631544
CC1(C)OC[C@H]([C@H]2O[C@@H]3OC(C)(C)O[C@@H]3[C@H]2OS(C)(=O)=O)O1,0.3591,0.696755115431,4.270987800351594
Cc1cccc([C@H](CCl)CCC[C@@H]2CCCO2)c1,4.66672,0.650159140137,3.0517208911067133
